src_folder,query,src_dialect,tgt_dialect,level,parse_ok,transpile_ok,footprint_committed,footprint_recomputed,strict_text_roundtrip,exec_equiv_src2dkdb,mismatch_committed
postgresql,simple_select,postgres,postgres,basic,True,True,True,True,False,,False
postgresql,simple_select,postgres,mysql,basic,True,True,True,True,False,,False
postgresql,simple_select,postgres,tsql,basic,True,True,True,True,False,,False
postgresql,simple_select,postgres,oracle,basic,True,True,True,True,False,,False
postgresql,simple_select,postgres,snowflake,basic,True,True,True,True,False,,False
postgresql,basic_insert,postgres,postgres,basic,True,True,True,True,False,,False
postgresql,basic_insert,postgres,mysql,basic,True,True,True,True,False,,False
postgresql,basic_insert,postgres,tsql,basic,True,True,True,True,False,,False
postgresql,basic_insert,postgres,oracle,basic,True,True,True,True,False,,False
postgresql,basic_insert,postgres,snowflake,basic,True,True,True,True,False,,False
postgresql,basic_update,postgres,postgres,basic,True,True,True,True,False,,False
postgresql,basic_update,postgres,mysql,basic,True,True,True,True,False,,False
postgresql,basic_update,postgres,tsql,basic,True,True,True,True,False,,False
postgresql,basic_update,postgres,oracle,basic,True,True,True,True,False,,False
postgresql,basic_update,postgres,snowflake,basic,True,True,True,True,False,,False
postgresql,simple_join,postgres,postgres,basic,True,True,True,True,False,,False
postgresql,simple_join,postgres,mysql,basic,True,True,True,True,False,,False
postgresql,simple_join,postgres,tsql,basic,True,True,True,True,False,,False
postgresql,simple_join,postgres,oracle,basic,True,True,True,True,False,,False
postgresql,simple_join,postgres,snowflake,basic,True,True,True,True,False,,False
postgresql,group_by_aggregation,postgres,postgres,basic,True,True,True,True,False,,False
postgresql,group_by_aggregation,postgres,mysql,basic,True,True,True,True,False,,False
postgresql,group_by_aggregation,postgres,tsql,basic,True,True,True,True,False,,False
postgresql,group_by_aggregation,postgres,oracle,basic,True,True,True,True,False,,False
postgresql,group_by_aggregation,postgres,snowflake,basic,True,True,True,True,False,,False
postgresql,basic_where_and,postgres,postgres,basic,True,True,True,True,False,,False
postgresql,basic_where_and,postgres,mysql,basic,True,True,True,True,False,,False
postgresql,basic_where_and,postgres,tsql,basic,True,True,True,True,False,,False
postgresql,basic_where_and,postgres,oracle,basic,True,True,True,True,False,,False
postgresql,basic_where_and,postgres,snowflake,basic,True,True,True,True,False,,False
postgresql,order_by_limit,postgres,postgres,basic,True,True,True,True,False,,False
postgresql,order_by_limit,postgres,mysql,basic,True,True,False,False,False,,False
postgresql,order_by_limit,postgres,tsql,basic,True,True,False,False,False,,False
postgresql,order_by_limit,postgres,oracle,basic,True,True,False,False,False,,False
postgresql,order_by_limit,postgres,snowflake,basic,True,True,True,True,False,,False
postgresql,count_aggregate,postgres,postgres,basic,True,True,True,True,False,,False
postgresql,count_aggregate,postgres,mysql,basic,True,True,True,True,False,,False
postgresql,count_aggregate,postgres,tsql,basic,True,True,True,True,False,,False
postgresql,count_aggregate,postgres,oracle,basic,True,True,True,True,False,,False
postgresql,count_aggregate,postgres,snowflake,basic,True,True,True,True,False,,False
postgresql,sum_aggregate,postgres,postgres,basic,True,True,True,True,False,,False
postgresql,sum_aggregate,postgres,mysql,basic,True,True,True,True,False,,False
postgresql,sum_aggregate,postgres,tsql,basic,True,True,True,True,False,,False
postgresql,sum_aggregate,postgres,oracle,basic,True,True,True,True,False,,False
postgresql,sum_aggregate,postgres,snowflake,basic,True,True,True,True,False,,False
postgresql,avg_aggregate,postgres,postgres,basic,True,True,True,True,False,,False
postgresql,avg_aggregate,postgres,mysql,basic,True,True,True,True,False,,False
postgresql,avg_aggregate,postgres,tsql,basic,True,True,True,True,False,,False
postgresql,avg_aggregate,postgres,oracle,basic,True,True,True,True,False,,False
postgresql,avg_aggregate,postgres,snowflake,basic,True,True,True,True,False,,False
postgresql,in_clause,postgres,postgres,basic,True,True,True,True,False,,False
postgresql,in_clause,postgres,mysql,basic,True,True,True,True,False,,False
postgresql,in_clause,postgres,tsql,basic,True,True,True,True,False,,False
postgresql,in_clause,postgres,oracle,basic,True,True,True,True,False,,False
postgresql,in_clause,postgres,snowflake,basic,True,True,True,True,False,,False
postgresql,like_pattern,postgres,postgres,basic,True,True,True,True,False,,False
postgresql,like_pattern,postgres,mysql,basic,True,True,True,True,False,,False
postgresql,like_pattern,postgres,tsql,basic,True,True,True,True,False,,False
postgresql,like_pattern,postgres,oracle,basic,True,True,True,True,False,,False
postgresql,like_pattern,postgres,snowflake,basic,True,True,True,True,False,,False
postgresql,between_clause,postgres,postgres,basic,True,True,True,True,False,,False
postgresql,between_clause,postgres,mysql,basic,True,True,True,True,False,,False
postgresql,between_clause,postgres,tsql,basic,True,True,True,True,False,,False
postgresql,between_clause,postgres,oracle,basic,True,True,True,True,False,,False
postgresql,between_clause,postgres,snowflake,basic,True,True,True,True,False,,False
postgresql,is_null_check,postgres,postgres,basic,True,True,True,True,False,,False
postgresql,is_null_check,postgres,mysql,basic,True,True,True,True,False,,False
postgresql,is_null_check,postgres,tsql,basic,True,True,True,True,False,,False
postgresql,is_null_check,postgres,oracle,basic,True,True,True,True,False,,False
postgresql,is_null_check,postgres,snowflake,basic,True,True,True,True,False,,False
postgresql,distinct_select,postgres,postgres,basic,True,True,True,True,False,,False
postgresql,distinct_select,postgres,mysql,basic,True,True,True,True,False,,False
postgresql,distinct_select,postgres,tsql,basic,True,True,True,True,False,,False
postgresql,distinct_select,postgres,oracle,basic,True,True,True,True,False,,False
postgresql,distinct_select,postgres,snowflake,basic,True,True,True,True,False,,False
postgresql,max_min_aggregate,postgres,postgres,basic,True,True,True,True,False,,False
postgresql,max_min_aggregate,postgres,mysql,basic,True,True,True,True,False,,False
postgresql,max_min_aggregate,postgres,tsql,basic,True,True,True,True,False,,False
postgresql,max_min_aggregate,postgres,oracle,basic,True,True,True,True,False,,False
postgresql,max_min_aggregate,postgres,snowflake,basic,True,True,True,True,False,,False
postgresql,having_clause,postgres,postgres,basic,True,True,True,True,False,,False
postgresql,having_clause,postgres,mysql,basic,True,True,True,True,False,,False
postgresql,having_clause,postgres,tsql,basic,True,True,True,True,False,,False
postgresql,having_clause,postgres,oracle,basic,True,True,True,True,False,,False
postgresql,having_clause,postgres,snowflake,basic,True,True,True,True,False,,False
postgresql,basic_delete,postgres,postgres,basic,True,True,True,True,False,,False
postgresql,basic_delete,postgres,mysql,basic,True,True,True,True,False,,False
postgresql,basic_delete,postgres,tsql,basic,True,True,True,True,False,,False
postgresql,basic_delete,postgres,oracle,basic,True,True,True,True,False,,False
postgresql,basic_delete,postgres,snowflake,basic,True,True,True,True,False,,False
postgresql,create_table_basic,postgres,postgres,basic,True,True,True,True,False,,False
postgresql,create_table_basic,postgres,mysql,basic,True,True,True,True,False,,False
postgresql,create_table_basic,postgres,tsql,basic,True,True,True,True,False,,False
postgresql,create_table_basic,postgres,oracle,basic,True,True,True,True,False,,False
postgresql,create_table_basic,postgres,snowflake,basic,True,True,False,False,,,False
postgresql,alter_table_add_column,postgres,postgres,basic,True,True,True,True,False,,False
postgresql,alter_table_add_column,postgres,mysql,basic,True,True,True,True,False,,False
postgresql,alter_table_add_column,postgres,tsql,basic,True,True,True,True,False,,False
postgresql,alter_table_add_column,postgres,oracle,basic,True,True,True,True,False,,False
postgresql,alter_table_add_column,postgres,snowflake,basic,True,True,True,True,False,,False
postgresql,subquery_in,postgres,postgres,intermediate,True,True,True,True,False,,False
postgresql,subquery_in,postgres,mysql,intermediate,True,True,True,True,False,,False
postgresql,subquery_in,postgres,tsql,intermediate,True,True,True,True,False,,False
postgresql,subquery_in,postgres,oracle,intermediate,True,True,True,True,False,,False
postgresql,subquery_in,postgres,snowflake,intermediate,True,True,True,True,False,,False
postgresql,cte_basic,postgres,postgres,intermediate,True,True,True,True,False,,False
postgresql,cte_basic,postgres,mysql,intermediate,True,True,True,True,False,,False
postgresql,cte_basic,postgres,tsql,intermediate,True,True,False,False,False,,False
postgresql,cte_basic,postgres,oracle,intermediate,True,True,True,True,False,,False
postgresql,cte_basic,postgres,snowflake,intermediate,True,True,True,True,False,,False
postgresql,window_function_rank,postgres,postgres,intermediate,True,True,True,True,False,,False
postgresql,window_function_rank,postgres,mysql,intermediate,True,True,False,False,False,,False
postgresql,window_function_rank,postgres,tsql,intermediate,True,True,False,False,False,,False
postgresql,window_function_rank,postgres,oracle,intermediate,True,True,True,True,False,,False
postgresql,window_function_rank,postgres,snowflake,intermediate,True,True,True,True,False,,False
postgresql,multiple_joins,postgres,postgres,intermediate,True,True,True,True,False,,False
postgresql,multiple_joins,postgres,mysql,intermediate,True,True,True,True,False,,False
postgresql,multiple_joins,postgres,tsql,intermediate,True,True,True,True,False,,False
postgresql,multiple_joins,postgres,oracle,intermediate,True,True,True,True,False,,False
postgresql,multiple_joins,postgres,snowflake,intermediate,True,True,True,True,False,,False
postgresql,case_statement,postgres,postgres,intermediate,True,True,True,True,False,,False
postgresql,case_statement,postgres,mysql,intermediate,True,True,True,True,False,,False
postgresql,case_statement,postgres,tsql,intermediate,True,True,True,True,False,,False
postgresql,case_statement,postgres,oracle,intermediate,True,True,True,True,False,,False
postgresql,case_statement,postgres,snowflake,intermediate,True,True,True,True,False,,False
postgresql,coalesce_function,postgres,postgres,intermediate,True,True,True,True,False,,False
postgresql,coalesce_function,postgres,mysql,intermediate,True,True,True,True,False,,False
postgresql,coalesce_function,postgres,tsql,intermediate,True,True,True,True,False,,False
postgresql,coalesce_function,postgres,oracle,intermediate,True,True,True,True,False,,False
postgresql,coalesce_function,postgres,snowflake,intermediate,True,True,True,True,False,,False
postgresql,string_aggregation,postgres,postgres,intermediate,True,True,True,True,False,,False
postgresql,string_aggregation,postgres,mysql,intermediate,True,True,False,False,False,,False
postgresql,string_aggregation,postgres,tsql,intermediate,True,True,False,False,False,,False
postgresql,string_aggregation,postgres,oracle,intermediate,True,True,True,True,False,,False
postgresql,string_aggregation,postgres,snowflake,intermediate,True,True,True,True,False,,False
postgresql,jsonb_operations,postgres,postgres,intermediate,True,True,True,True,False,,False
postgresql,jsonb_operations,postgres,mysql,intermediate,True,True,False,False,,,False
postgresql,jsonb_operations,postgres,tsql,intermediate,True,True,False,False,,,False
postgresql,jsonb_operations,postgres,oracle,intermediate,True,True,False,False,,,False
postgresql,jsonb_operations,postgres,snowflake,intermediate,True,True,False,False,,,False
postgresql,array_operations,postgres,postgres,intermediate,True,True,True,True,False,,False
postgresql,array_operations,postgres,mysql,intermediate,True,True,True,True,False,,False
postgresql,array_operations,postgres,tsql,intermediate,True,True,True,True,False,,False
postgresql,array_operations,postgres,oracle,intermediate,True,True,True,True,False,,False
postgresql,array_operations,postgres,snowflake,intermediate,True,True,True,True,False,,False
postgresql,date_truncation,postgres,postgres,intermediate,True,True,True,True,False,,False
postgresql,date_truncation,postgres,mysql,intermediate,True,True,False,False,False,,False
postgresql,date_truncation,postgres,tsql,intermediate,True,True,True,True,False,,False
postgresql,date_truncation,postgres,oracle,intermediate,True,True,True,True,False,,False
postgresql,date_truncation,postgres,snowflake,intermediate,True,True,True,True,False,,False
postgresql,self_join,postgres,postgres,intermediate,True,True,True,True,False,,False
postgresql,self_join,postgres,mysql,intermediate,True,True,True,True,False,,False
postgresql,self_join,postgres,tsql,intermediate,True,True,True,True,False,,False
postgresql,self_join,postgres,oracle,intermediate,True,True,True,True,False,,False
postgresql,self_join,postgres,snowflake,intermediate,True,True,True,True,False,,False
postgresql,union_queries,postgres,postgres,intermediate,True,True,True,True,False,,False
postgresql,union_queries,postgres,mysql,intermediate,True,True,True,True,False,,False
postgresql,union_queries,postgres,tsql,intermediate,True,True,True,True,False,,False
postgresql,union_queries,postgres,oracle,intermediate,True,True,True,True,False,,False
postgresql,union_queries,postgres,snowflake,intermediate,True,True,True,True,False,,False
postgresql,exists_clause,postgres,postgres,intermediate,True,True,True,True,False,,False
postgresql,exists_clause,postgres,mysql,intermediate,True,True,True,True,False,,False
postgresql,exists_clause,postgres,tsql,intermediate,True,True,True,True,False,,False
postgresql,exists_clause,postgres,oracle,intermediate,True,True,True,True,False,,False
postgresql,exists_clause,postgres,snowflake,intermediate,True,True,True,True,False,,False
postgresql,window_lead_lag,postgres,postgres,intermediate,True,True,True,True,False,,False
postgresql,window_lead_lag,postgres,mysql,intermediate,True,True,False,False,False,,False
postgresql,window_lead_lag,postgres,tsql,intermediate,True,True,False,False,False,,False
postgresql,window_lead_lag,postgres,oracle,intermediate,True,True,True,True,False,,False
postgresql,window_lead_lag,postgres,snowflake,intermediate,True,True,True,True,False,,False
postgresql,cross_join,postgres,postgres,intermediate,True,True,True,True,False,,False
postgresql,cross_join,postgres,mysql,intermediate,True,True,True,True,False,,False
postgresql,cross_join,postgres,tsql,intermediate,True,True,True,True,False,,False
postgresql,cross_join,postgres,oracle,intermediate,True,True,True,True,False,,False
postgresql,cross_join,postgres,snowflake,intermediate,True,True,True,True,False,,False
postgresql,full_outer_join,postgres,postgres,intermediate,True,True,True,True,False,,False
postgresql,full_outer_join,postgres,mysql,intermediate,True,True,False,False,False,,False
postgresql,full_outer_join,postgres,tsql,intermediate,True,True,True,True,False,,False
postgresql,full_outer_join,postgres,oracle,intermediate,True,True,True,True,False,,False
postgresql,full_outer_join,postgres,snowflake,intermediate,True,True,True,True,False,,False
postgresql,extract_date_parts,postgres,postgres,intermediate,True,True,True,True,False,,False
postgresql,extract_date_parts,postgres,mysql,intermediate,True,True,True,True,False,,False
postgresql,extract_date_parts,postgres,tsql,intermediate,True,True,True,True,False,,False
postgresql,extract_date_parts,postgres,oracle,intermediate,True,True,True,True,False,,False
postgresql,extract_date_parts,postgres,snowflake,intermediate,True,True,True,True,False,,False
postgresql,conditional_aggregation,postgres,postgres,intermediate,True,True,True,True,False,,False
postgresql,conditional_aggregation,postgres,mysql,intermediate,True,True,True,True,False,,False
postgresql,conditional_aggregation,postgres,tsql,intermediate,True,True,True,True,False,,False
postgresql,conditional_aggregation,postgres,oracle,intermediate,True,True,True,True,False,,False
postgresql,conditional_aggregation,postgres,snowflake,intermediate,True,True,True,True,False,,False
postgresql,row_number_pagination,postgres,postgres,intermediate,True,True,True,True,False,,False
postgresql,row_number_pagination,postgres,mysql,intermediate,True,True,False,False,False,,False
postgresql,row_number_pagination,postgres,tsql,intermediate,True,True,False,False,False,,False
postgresql,row_number_pagination,postgres,oracle,intermediate,True,True,True,True,False,,False
postgresql,row_number_pagination,postgres,snowflake,intermediate,True,True,True,True,False,,False
postgresql,regexp_matching,postgres,postgres,intermediate,True,True,True,True,False,,False
postgresql,regexp_matching,postgres,mysql,intermediate,True,True,True,True,False,,False
postgresql,regexp_matching,postgres,tsql,intermediate,True,True,True,True,False,,False
postgresql,regexp_matching,postgres,oracle,intermediate,True,True,True,True,False,,False
postgresql,regexp_matching,postgres,snowflake,intermediate,True,True,True,True,False,,False
postgresql,recursive_cte,postgres,postgres,advanced,True,True,True,True,False,,False
postgresql,recursive_cte,postgres,mysql,advanced,True,True,False,False,False,,False
postgresql,recursive_cte,postgres,tsql,advanced,True,True,False,False,False,,False
postgresql,recursive_cte,postgres,oracle,advanced,True,True,True,True,False,,False
postgresql,recursive_cte,postgres,snowflake,advanced,True,True,True,True,False,,False
postgresql,multiple_ctes,postgres,postgres,advanced,True,True,True,True,False,,False
postgresql,multiple_ctes,postgres,mysql,advanced,True,True,False,False,False,,False
postgresql,multiple_ctes,postgres,tsql,advanced,True,True,True,True,False,,False
postgresql,multiple_ctes,postgres,oracle,advanced,True,True,True,True,False,,False
postgresql,multiple_ctes,postgres,snowflake,advanced,True,True,True,True,False,,False
postgresql,window_moving_average,postgres,postgres,advanced,True,True,True,True,False,,False
postgresql,window_moving_average,postgres,mysql,advanced,True,True,True,True,False,,False
postgresql,window_moving_average,postgres,tsql,advanced,True,True,True,True,False,,False
postgresql,window_moving_average,postgres,oracle,advanced,True,True,True,True,False,,False
postgresql,window_moving_average,postgres,snowflake,advanced,True,True,True,True,False,,False
postgresql,lateral_join,postgres,postgres,advanced,True,True,True,True,False,,False
postgresql,lateral_join,postgres,mysql,advanced,True,True,False,False,False,,False
postgresql,lateral_join,postgres,tsql,advanced,True,True,False,False,False,,False
postgresql,lateral_join,postgres,oracle,advanced,True,True,False,False,False,,False
postgresql,lateral_join,postgres,snowflake,advanced,True,True,True,True,False,,False
postgresql,pivot_crosstab,postgres,postgres,advanced,True,True,True,True,False,,False
postgresql,pivot_crosstab,postgres,mysql,advanced,True,True,True,True,False,,False
postgresql,pivot_crosstab,postgres,tsql,advanced,True,True,True,True,False,,False
postgresql,pivot_crosstab,postgres,oracle,advanced,True,True,True,True,False,,False
postgresql,pivot_crosstab,postgres,snowflake,advanced,True,True,False,False,False,,False
postgresql,percentile_calculation,postgres,postgres,advanced,True,True,True,True,False,,False
postgresql,percentile_calculation,postgres,mysql,advanced,True,True,False,False,False,,False
postgresql,percentile_calculation,postgres,tsql,advanced,True,True,False,False,False,,False
postgresql,percentile_calculation,postgres,oracle,advanced,True,True,True,True,False,,False
postgresql,percentile_calculation,postgres,snowflake,advanced,True,True,True,True,False,,False
postgresql,generate_series_dates,postgres,postgres,advanced,True,True,True,True,False,,False
postgresql,generate_series_dates,postgres,mysql,advanced,True,True,False,False,False,,False
postgresql,generate_series_dates,postgres,tsql,advanced,True,True,False,False,False,,False
postgresql,generate_series_dates,postgres,oracle,advanced,True,True,False,False,False,,False
postgresql,generate_series_dates,postgres,snowflake,advanced,True,True,False,False,False,,False
postgresql,full_text_search,postgres,postgres,advanced,True,True,True,True,False,,False
postgresql,full_text_search,postgres,mysql,advanced,True,True,False,False,,,False
postgresql,full_text_search,postgres,tsql,advanced,True,True,False,False,,,False
postgresql,full_text_search,postgres,oracle,advanced,True,True,False,False,,,False
postgresql,full_text_search,postgres,snowflake,advanced,True,True,False,False,,,False
postgresql,complex_nested_query,postgres,postgres,advanced,True,True,True,True,False,,False
postgresql,complex_nested_query,postgres,mysql,advanced,True,True,False,False,False,,False
postgresql,complex_nested_query,postgres,tsql,advanced,True,True,False,False,False,,False
postgresql,complex_nested_query,postgres,oracle,advanced,True,True,True,True,False,,False
postgresql,complex_nested_query,postgres,snowflake,advanced,True,True,True,True,False,,False
postgresql,upsert_on_conflict,postgres,postgres,advanced,True,True,True,True,False,,False
postgresql,upsert_on_conflict,postgres,mysql,advanced,True,True,True,True,False,,False
postgresql,upsert_on_conflict,postgres,tsql,advanced,True,True,True,True,False,,False
postgresql,upsert_on_conflict,postgres,oracle,advanced,True,True,True,True,False,,False
postgresql,upsert_on_conflict,postgres,snowflake,advanced,True,True,True,True,False,,False
postgresql,array_agg,postgres,postgres,dialect_specific,True,True,True,True,False,,False
postgresql,array_agg,postgres,mysql,dialect_specific,True,True,False,False,False,,False
postgresql,array_agg,postgres,tsql,dialect_specific,True,True,False,False,False,,False
postgresql,array_agg,postgres,oracle,dialect_specific,True,True,True,True,False,,False
postgresql,array_agg,postgres,snowflake,dialect_specific,True,True,False,False,False,,False
postgresql,jsonb_aggregation,postgres,postgres,dialect_specific,True,True,True,True,False,,False
postgresql,jsonb_aggregation,postgres,mysql,dialect_specific,True,True,True,True,False,,False
postgresql,jsonb_aggregation,postgres,tsql,dialect_specific,True,True,True,True,False,,False
postgresql,jsonb_aggregation,postgres,oracle,dialect_specific,True,True,True,True,False,,False
postgresql,jsonb_aggregation,postgres,snowflake,dialect_specific,True,True,True,True,False,,False
postgresql,gin_index_usage,postgres,postgres,dialect_specific,True,True,True,True,False,,False
postgresql,gin_index_usage,postgres,mysql,dialect_specific,True,True,False,False,False,,False
postgresql,gin_index_usage,postgres,tsql,dialect_specific,True,True,False,False,False,,False
postgresql,gin_index_usage,postgres,oracle,dialect_specific,True,True,True,True,False,,False
postgresql,gin_index_usage,postgres,snowflake,dialect_specific,True,True,True,True,False,,False
postgresql,listen_notify,postgres,postgres,dialect_specific,False,False,False,,,,
postgresql,listen_notify,postgres,mysql,dialect_specific,False,False,False,,,,
postgresql,listen_notify,postgres,tsql,dialect_specific,False,False,False,,,,
postgresql,listen_notify,postgres,oracle,dialect_specific,False,False,False,,,,
postgresql,listen_notify,postgres,snowflake,dialect_specific,False,False,False,,,,
postgresql,uuid_generation,postgres,postgres,dialect_specific,True,True,True,True,False,,False
postgresql,uuid_generation,postgres,mysql,dialect_specific,True,True,True,True,False,,False
postgresql,uuid_generation,postgres,tsql,dialect_specific,True,True,True,True,False,,False
postgresql,uuid_generation,postgres,oracle,dialect_specific,True,True,True,True,False,,False
postgresql,uuid_generation,postgres,snowflake,dialect_specific,True,True,True,True,False,,False
mysql,simple_select,mysql,postgres,basic,True,True,True,True,False,,False
mysql,simple_select,mysql,mysql,basic,True,True,True,True,False,,False
mysql,simple_select,mysql,tsql,basic,True,True,True,True,False,,False
mysql,simple_select,mysql,oracle,basic,True,True,True,True,False,,False
mysql,simple_select,mysql,snowflake,basic,True,True,True,True,False,,False
mysql,auto_increment_table,mysql,postgres,basic,True,True,False,False,False,,False
mysql,auto_increment_table,mysql,mysql,basic,True,True,True,True,False,,False
mysql,auto_increment_table,mysql,tsql,basic,True,True,True,True,False,,False
mysql,auto_increment_table,mysql,oracle,basic,True,True,True,True,False,,False
mysql,auto_increment_table,mysql,snowflake,basic,True,True,True,True,False,,False
mysql,insert_with_now,mysql,postgres,basic,True,True,False,False,False,,False
mysql,insert_with_now,mysql,mysql,basic,True,True,True,True,False,,False
mysql,insert_with_now,mysql,tsql,basic,True,True,True,True,False,,False
mysql,insert_with_now,mysql,oracle,basic,True,True,True,True,False,,False
mysql,insert_with_now,mysql,snowflake,basic,True,True,True,True,False,,False
mysql,basic_update,mysql,postgres,basic,True,True,True,True,False,,False
mysql,basic_update,mysql,mysql,basic,True,True,True,True,False,,False
mysql,basic_update,mysql,tsql,basic,True,True,True,True,False,,False
mysql,basic_update,mysql,oracle,basic,True,True,True,True,False,,False
mysql,basic_update,mysql,snowflake,basic,True,True,True,True,False,,False
mysql,limit_offset,mysql,postgres,basic,True,True,True,True,False,,False
mysql,limit_offset,mysql,mysql,basic,True,True,True,True,False,,False
mysql,limit_offset,mysql,tsql,basic,True,True,False,False,False,,False
mysql,limit_offset,mysql,oracle,basic,True,True,False,False,False,,False
mysql,limit_offset,mysql,snowflake,basic,True,True,True,True,False,,False
mysql,inner_join,mysql,postgres,basic,True,True,True,True,False,,False
mysql,inner_join,mysql,mysql,basic,True,True,True,True,False,,False
mysql,inner_join,mysql,tsql,basic,True,True,True,True,False,,False
mysql,inner_join,mysql,oracle,basic,True,True,True,True,False,,False
mysql,inner_join,mysql,snowflake,basic,True,True,True,True,False,,False
mysql,aggregate_count,mysql,postgres,basic,True,True,True,True,False,,False
mysql,aggregate_count,mysql,mysql,basic,True,True,True,True,False,,False
mysql,aggregate_count,mysql,tsql,basic,True,True,True,True,False,,False
mysql,aggregate_count,mysql,oracle,basic,True,True,True,True,False,,False
mysql,aggregate_count,mysql,snowflake,basic,True,True,True,True,False,,False
mysql,where_in,mysql,postgres,basic,True,True,True,True,False,,False
mysql,where_in,mysql,mysql,basic,True,True,True,True,False,,False
mysql,where_in,mysql,tsql,basic,True,True,True,True,False,,False
mysql,where_in,mysql,oracle,basic,True,True,True,True,False,,False
mysql,where_in,mysql,snowflake,basic,True,True,True,True,False,,False
mysql,json_extract,mysql,postgres,intermediate,True,True,True,True,False,,False
mysql,json_extract,mysql,mysql,intermediate,True,True,True,True,False,,False
mysql,json_extract,mysql,tsql,intermediate,True,True,False,False,False,,False
mysql,json_extract,mysql,oracle,intermediate,True,True,True,True,False,,False
mysql,json_extract,mysql,snowflake,intermediate,True,True,False,False,False,,False
mysql,group_concat,mysql,postgres,intermediate,True,True,True,True,False,,False
mysql,group_concat,mysql,mysql,intermediate,True,True,True,True,False,,False
mysql,group_concat,mysql,tsql,intermediate,True,True,True,True,False,,False
mysql,group_concat,mysql,oracle,intermediate,True,True,True,True,False,,False
mysql,group_concat,mysql,snowflake,intermediate,True,True,True,True,False,,False
mysql,date_format,mysql,postgres,intermediate,True,True,False,False,False,,False
mysql,date_format,mysql,mysql,intermediate,True,True,True,True,False,,False
mysql,date_format,mysql,tsql,intermediate,True,True,False,False,False,,False
mysql,date_format,mysql,oracle,intermediate,True,True,False,False,False,,False
mysql,date_format,mysql,snowflake,intermediate,True,True,False,False,False,,False
mysql,subquery_in_select,mysql,postgres,intermediate,True,True,True,True,False,,False
mysql,subquery_in_select,mysql,mysql,intermediate,True,True,True,True,False,,False
mysql,subquery_in_select,mysql,tsql,intermediate,True,True,True,True,False,,False
mysql,subquery_in_select,mysql,oracle,intermediate,True,True,True,True,False,,False
mysql,subquery_in_select,mysql,snowflake,intermediate,True,True,True,True,False,,False
mysql,left_join_with_aggregation,mysql,postgres,intermediate,True,True,True,True,False,,False
mysql,left_join_with_aggregation,mysql,mysql,intermediate,True,True,True,True,False,,False
mysql,left_join_with_aggregation,mysql,tsql,intermediate,True,True,True,True,False,,False
mysql,left_join_with_aggregation,mysql,oracle,intermediate,True,True,True,True,False,,False
mysql,left_join_with_aggregation,mysql,snowflake,intermediate,True,True,True,True,False,,False
mysql,case_when,mysql,postgres,intermediate,True,True,True,True,False,,False
mysql,case_when,mysql,mysql,intermediate,True,True,True,True,False,,False
mysql,case_when,mysql,tsql,intermediate,True,True,True,True,False,,False
mysql,case_when,mysql,oracle,intermediate,True,True,True,True,False,,False
mysql,case_when,mysql,snowflake,intermediate,True,True,True,True,False,,False
mysql,window_function_row_number,mysql,postgres,advanced,True,True,True,True,False,,False
mysql,window_function_row_number,mysql,mysql,advanced,True,True,True,True,False,,False
mysql,window_function_row_number,mysql,tsql,advanced,True,True,True,True,False,,False
mysql,window_function_row_number,mysql,oracle,advanced,True,True,True,True,False,,False
mysql,window_function_row_number,mysql,snowflake,advanced,True,True,True,True,False,,False
mysql,recursive_cte,mysql,postgres,advanced,True,True,True,True,False,,False
mysql,recursive_cte,mysql,mysql,advanced,True,True,True,True,False,,False
mysql,recursive_cte,mysql,tsql,advanced,True,True,True,True,False,,False
mysql,recursive_cte,mysql,oracle,advanced,True,True,True,True,False,,False
mysql,recursive_cte,mysql,snowflake,advanced,True,True,True,True,False,,False
mysql,complex_join_aggregation,mysql,postgres,advanced,True,True,False,False,False,,False
mysql,complex_join_aggregation,mysql,mysql,advanced,True,True,True,True,False,,False
mysql,complex_join_aggregation,mysql,tsql,advanced,True,True,True,True,False,,False
mysql,complex_join_aggregation,mysql,oracle,advanced,True,True,True,True,False,,False
mysql,complex_join_aggregation,mysql,snowflake,advanced,True,True,False,False,False,,False
mysql,fulltext_search,mysql,postgres,dialect_specific,True,True,True,True,False,,False
mysql,fulltext_search,mysql,mysql,dialect_specific,True,True,True,True,False,,False
mysql,fulltext_search,mysql,tsql,dialect_specific,True,True,True,True,False,,False
mysql,fulltext_search,mysql,oracle,dialect_specific,True,True,True,True,False,,False
mysql,fulltext_search,mysql,snowflake,dialect_specific,True,True,True,True,False,,False
mysql,on_duplicate_key,mysql,postgres,dialect_specific,True,True,True,True,False,,False
mysql,on_duplicate_key,mysql,mysql,dialect_specific,True,True,True,True,False,,False
mysql,on_duplicate_key,mysql,tsql,dialect_specific,True,True,True,True,False,,False
mysql,on_duplicate_key,mysql,oracle,dialect_specific,True,True,True,True,False,,False
mysql,on_duplicate_key,mysql,snowflake,dialect_specific,True,True,True,True,False,,False
mysql,insert_ignore,mysql,postgres,dialect_specific,True,True,False,False,,,False
mysql,insert_ignore,mysql,mysql,dialect_specific,True,True,True,True,False,,False
mysql,insert_ignore,mysql,tsql,dialect_specific,True,True,False,False,,,False
mysql,insert_ignore,mysql,oracle,dialect_specific,True,True,False,False,,,False
mysql,insert_ignore,mysql,snowflake,dialect_specific,True,True,False,False,,,False
sqlserver,top_select,tsql,postgres,basic,True,True,True,True,False,,False
sqlserver,top_select,tsql,mysql,basic,True,True,True,True,False,,False
sqlserver,top_select,tsql,tsql,basic,True,True,True,True,False,,False
sqlserver,top_select,tsql,oracle,basic,True,True,False,False,False,,False
sqlserver,top_select,tsql,snowflake,basic,True,True,True,True,False,,False
sqlserver,identity_column,tsql,postgres,basic,True,True,True,True,False,,False
sqlserver,identity_column,tsql,mysql,basic,True,True,True,True,False,,False
sqlserver,identity_column,tsql,tsql,basic,True,True,True,True,False,,False
sqlserver,identity_column,tsql,oracle,basic,True,True,True,True,False,,False
sqlserver,identity_column,tsql,snowflake,basic,True,True,True,True,False,,False
sqlserver,top_with_offset,tsql,postgres,intermediate,True,True,True,True,False,,False
sqlserver,top_with_offset,tsql,mysql,intermediate,True,True,False,False,False,,False
sqlserver,top_with_offset,tsql,tsql,intermediate,True,True,True,True,False,,False
sqlserver,top_with_offset,tsql,oracle,intermediate,True,True,True,True,False,,False
sqlserver,top_with_offset,tsql,snowflake,intermediate,True,True,True,True,False,,False
sqlserver,try_convert,tsql,postgres,intermediate,True,True,False,False,False,,False
sqlserver,try_convert,tsql,mysql,intermediate,True,True,False,False,False,,False
sqlserver,try_convert,tsql,tsql,intermediate,True,True,True,True,False,,False
sqlserver,try_convert,tsql,oracle,intermediate,True,True,False,False,False,,False
sqlserver,try_convert,tsql,snowflake,intermediate,True,True,False,False,False,,False
sqlserver,string_split,tsql,postgres,intermediate,True,True,True,True,False,,False
sqlserver,string_split,tsql,mysql,intermediate,True,True,True,True,False,,False
sqlserver,string_split,tsql,tsql,intermediate,True,True,True,True,False,,False
sqlserver,string_split,tsql,oracle,intermediate,True,True,True,True,False,,False
sqlserver,string_split,tsql,snowflake,intermediate,True,True,True,True,False,,False
sqlserver,format_function,tsql,postgres,intermediate,True,True,True,True,False,,False
sqlserver,format_function,tsql,mysql,intermediate,True,True,False,False,False,,False
sqlserver,format_function,tsql,tsql,intermediate,True,True,True,True,False,,False
sqlserver,format_function,tsql,oracle,intermediate,True,True,False,False,False,,False
sqlserver,format_function,tsql,snowflake,intermediate,True,True,False,False,False,,False
sqlserver,iif_function,tsql,postgres,intermediate,True,True,False,False,False,,False
sqlserver,iif_function,tsql,mysql,intermediate,True,True,False,False,False,,False
sqlserver,iif_function,tsql,tsql,intermediate,True,True,True,True,False,,False
sqlserver,iif_function,tsql,oracle,intermediate,True,True,False,False,False,,False
sqlserver,iif_function,tsql,snowflake,intermediate,True,True,True,True,False,,False
sqlserver,cte_with_ranking,tsql,postgres,advanced,True,True,True,True,False,,False
sqlserver,cte_with_ranking,tsql,mysql,advanced,True,True,True,True,False,,False
sqlserver,cte_with_ranking,tsql,tsql,advanced,True,True,True,True,False,,False
sqlserver,cte_with_ranking,tsql,oracle,advanced,True,True,True,True,False,,False
sqlserver,cte_with_ranking,tsql,snowflake,advanced,True,True,True,True,False,,False
sqlserver,pivot_table,tsql,postgres,advanced,True,True,False,False,False,,False
sqlserver,pivot_table,tsql,mysql,advanced,True,True,False,False,False,,False
sqlserver,pivot_table,tsql,tsql,advanced,True,True,True,True,False,,False
sqlserver,pivot_table,tsql,oracle,advanced,True,True,True,True,False,,False
sqlserver,pivot_table,tsql,snowflake,advanced,True,True,True,True,False,,False
sqlserver,merge_statement,tsql,postgres,advanced,True,True,False,False,False,,False
sqlserver,merge_statement,tsql,mysql,advanced,True,True,True,True,False,,False
sqlserver,merge_statement,tsql,tsql,advanced,True,True,True,True,False,,False
sqlserver,merge_statement,tsql,oracle,advanced,True,True,True,True,False,,False
sqlserver,merge_statement,tsql,snowflake,advanced,True,True,True,True,False,,False
sqlserver,xml_operations,tsql,postgres,dialect_specific,True,True,True,True,False,,False
sqlserver,xml_operations,tsql,mysql,dialect_specific,True,True,True,True,False,,False
sqlserver,xml_operations,tsql,tsql,dialect_specific,True,True,True,True,False,,False
sqlserver,xml_operations,tsql,oracle,dialect_specific,True,True,True,True,False,,False
sqlserver,xml_operations,tsql,snowflake,dialect_specific,True,True,True,True,False,,False
sqlserver,json_operations,tsql,postgres,dialect_specific,True,True,True,True,False,,False
sqlserver,json_operations,tsql,mysql,dialect_specific,True,True,True,True,False,,False
sqlserver,json_operations,tsql,tsql,dialect_specific,True,True,False,False,False,,False
sqlserver,json_operations,tsql,oracle,dialect_specific,True,True,True,True,False,,False
sqlserver,json_operations,tsql,snowflake,dialect_specific,True,True,True,True,False,,False
sqlserver,temporal_table,tsql,postgres,dialect_specific,True,True,True,True,False,,False
sqlserver,temporal_table,tsql,mysql,dialect_specific,True,True,True,True,False,,False
sqlserver,temporal_table,tsql,tsql,dialect_specific,True,True,True,True,False,,False
sqlserver,temporal_table,tsql,oracle,dialect_specific,True,True,True,True,False,,False
sqlserver,temporal_table,tsql,snowflake,dialect_specific,True,True,True,True,False,,False
oracle,rownum_limit,oracle,postgres,basic,True,True,True,True,False,,False
oracle,rownum_limit,oracle,mysql,basic,True,True,False,False,False,,False
oracle,rownum_limit,oracle,tsql,basic,True,True,False,False,False,,False
oracle,rownum_limit,oracle,oracle,basic,True,True,True,True,False,,False
oracle,rownum_limit,oracle,snowflake,basic,True,True,True,True,False,,False
oracle,sequence_nextval,oracle,postgres,basic,True,True,True,True,False,,False
oracle,sequence_nextval,oracle,mysql,basic,True,True,True,True,False,,False
oracle,sequence_nextval,oracle,tsql,basic,True,True,True,True,False,,False
oracle,sequence_nextval,oracle,oracle,basic,True,True,True,True,False,,False
oracle,sequence_nextval,oracle,snowflake,basic,True,True,True,True,False,,False
oracle,sysdate,oracle,postgres,basic,True,True,True,True,False,,False
oracle,sysdate,oracle,mysql,basic,True,True,True,True,False,,False
oracle,sysdate,oracle,tsql,basic,True,True,True,True,False,,False
oracle,sysdate,oracle,oracle,basic,True,True,True,True,False,,False
oracle,sysdate,oracle,snowflake,basic,True,True,True,True,False,,False
oracle,dual_table,oracle,postgres,basic,True,True,True,True,False,,False
oracle,dual_table,oracle,mysql,basic,True,True,True,True,False,,False
oracle,dual_table,oracle,tsql,basic,True,True,True,True,False,,False
oracle,dual_table,oracle,oracle,basic,True,True,True,True,False,,False
oracle,dual_table,oracle,snowflake,basic,True,True,True,True,False,,False
oracle,decode_function,oracle,postgres,intermediate,True,True,False,False,False,,False
oracle,decode_function,oracle,mysql,intermediate,True,True,False,False,False,,False
oracle,decode_function,oracle,tsql,intermediate,True,True,False,False,False,,False
oracle,decode_function,oracle,oracle,intermediate,True,True,True,True,False,,False
oracle,decode_function,oracle,snowflake,intermediate,True,True,True,True,False,,False
oracle,nvl_function,oracle,postgres,intermediate,True,True,True,True,False,,False
oracle,nvl_function,oracle,mysql,intermediate,True,True,True,True,False,,False
oracle,nvl_function,oracle,tsql,intermediate,True,True,True,True,False,,False
oracle,nvl_function,oracle,oracle,intermediate,True,True,True,True,False,,False
oracle,nvl_function,oracle,snowflake,intermediate,True,True,True,True,False,,False
oracle,to_char_date,oracle,postgres,intermediate,True,True,False,False,False,,False
oracle,to_char_date,oracle,mysql,intermediate,True,True,False,False,False,,False
oracle,to_char_date,oracle,tsql,intermediate,True,True,False,False,False,,False
oracle,to_char_date,oracle,oracle,intermediate,True,True,True,True,False,,False
oracle,to_char_date,oracle,snowflake,intermediate,True,True,True,True,False,,False
oracle,row_number_pagination,oracle,postgres,intermediate,True,True,True,True,False,,False
oracle,row_number_pagination,oracle,mysql,intermediate,True,True,False,False,False,,False
oracle,row_number_pagination,oracle,tsql,intermediate,True,True,False,False,False,,False
oracle,row_number_pagination,oracle,oracle,intermediate,True,True,True,True,False,,False
oracle,row_number_pagination,oracle,snowflake,intermediate,True,True,True,True,False,,False
oracle,analytical_functions,oracle,postgres,advanced,True,True,True,True,False,,False
oracle,analytical_functions,oracle,mysql,advanced,True,True,False,False,False,,False
oracle,analytical_functions,oracle,tsql,advanced,True,True,False,False,False,,False
oracle,analytical_functions,oracle,oracle,advanced,True,True,True,True,False,,False
oracle,analytical_functions,oracle,snowflake,advanced,True,True,True,True,False,,False
oracle,pivot_unpivot,oracle,postgres,advanced,True,True,False,False,False,,False
oracle,pivot_unpivot,oracle,mysql,advanced,True,True,False,False,False,,False
oracle,pivot_unpivot,oracle,tsql,advanced,True,True,True,True,False,,False
oracle,pivot_unpivot,oracle,oracle,advanced,True,True,True,True,False,,False
oracle,pivot_unpivot,oracle,snowflake,advanced,True,True,True,True,False,,False
oracle,connect_by,oracle,postgres,dialect_specific,True,True,True,True,False,,False
oracle,connect_by,oracle,mysql,dialect_specific,True,True,True,True,False,,False
oracle,connect_by,oracle,tsql,dialect_specific,True,True,True,True,False,,False
oracle,connect_by,oracle,oracle,dialect_specific,True,True,True,True,False,,False
oracle,connect_by,oracle,snowflake,dialect_specific,True,True,True,True,False,,False
oracle,listagg,oracle,postgres,dialect_specific,True,True,True,True,False,,False
oracle,listagg,oracle,mysql,dialect_specific,True,True,False,False,False,,False
oracle,listagg,oracle,tsql,dialect_specific,True,True,False,False,False,,False
oracle,listagg,oracle,oracle,dialect_specific,True,True,True,True,False,,False
oracle,listagg,oracle,snowflake,dialect_specific,True,True,True,True,False,,False
oracle,sys_context,oracle,postgres,dialect_specific,True,True,True,True,False,,False
oracle,sys_context,oracle,mysql,dialect_specific,True,True,True,True,False,,False
oracle,sys_context,oracle,tsql,dialect_specific,True,True,True,True,False,,False
oracle,sys_context,oracle,oracle,dialect_specific,True,True,True,True,False,,False
oracle,sys_context,oracle,snowflake,dialect_specific,True,True,True,True,False,,False
snowflake,simple_select,snowflake,postgres,basic,True,True,True,True,False,,False
snowflake,simple_select,snowflake,mysql,basic,True,True,True,True,False,,False
snowflake,simple_select,snowflake,tsql,basic,True,True,True,True,False,,False
snowflake,simple_select,snowflake,oracle,basic,True,True,True,True,False,,False
snowflake,simple_select,snowflake,snowflake,basic,True,True,True,True,False,,False
snowflake,limit_offset,snowflake,postgres,basic,True,True,True,True,False,,False
snowflake,limit_offset,snowflake,mysql,basic,True,True,False,False,False,,False
snowflake,limit_offset,snowflake,tsql,basic,True,True,False,False,False,,False
snowflake,limit_offset,snowflake,oracle,basic,True,True,False,False,False,,False
snowflake,limit_offset,snowflake,snowflake,basic,True,True,True,True,False,,False
snowflake,create_table,snowflake,postgres,basic,True,True,False,False,False,,False
snowflake,create_table,snowflake,mysql,basic,True,True,True,True,False,,False
snowflake,create_table,snowflake,tsql,basic,True,True,True,True,False,,False
snowflake,create_table,snowflake,oracle,basic,True,True,True,True,False,,False
snowflake,create_table,snowflake,snowflake,basic,True,True,True,True,False,,False
snowflake,insert_values,snowflake,postgres,basic,True,True,True,True,False,,False
snowflake,insert_values,snowflake,mysql,basic,True,True,True,True,False,,False
snowflake,insert_values,snowflake,tsql,basic,True,True,True,True,False,,False
snowflake,insert_values,snowflake,oracle,basic,True,True,True,True,False,,False
snowflake,insert_values,snowflake,snowflake,basic,True,True,True,True,False,,False
snowflake,flatten_array,snowflake,postgres,intermediate,True,True,False,False,,,False
snowflake,flatten_array,snowflake,mysql,intermediate,True,True,True,True,False,,False
snowflake,flatten_array,snowflake,tsql,intermediate,True,True,False,False,False,,False
snowflake,flatten_array,snowflake,oracle,intermediate,True,True,True,True,False,,False
snowflake,flatten_array,snowflake,snowflake,intermediate,True,True,True,True,False,,False
snowflake,try_cast,snowflake,postgres,intermediate,True,True,False,False,False,,False
snowflake,try_cast,snowflake,mysql,intermediate,True,True,False,False,False,,False
snowflake,try_cast,snowflake,tsql,intermediate,True,True,True,True,False,,False
snowflake,try_cast,snowflake,oracle,intermediate,True,True,True,True,False,,False
snowflake,try_cast,snowflake,snowflake,intermediate,True,True,True,True,False,,False
snowflake,qualify_clause,snowflake,postgres,intermediate,True,True,False,False,False,,False
snowflake,qualify_clause,snowflake,mysql,intermediate,True,True,False,False,False,,False
snowflake,qualify_clause,snowflake,tsql,intermediate,True,True,False,False,False,,False
snowflake,qualify_clause,snowflake,oracle,intermediate,True,True,False,False,False,,False
snowflake,qualify_clause,snowflake,snowflake,intermediate,True,True,True,True,False,,False
snowflake,iff_function,snowflake,postgres,intermediate,True,True,False,False,False,,False
snowflake,iff_function,snowflake,mysql,intermediate,True,True,False,False,False,,False
snowflake,iff_function,snowflake,tsql,intermediate,True,True,True,True,False,,False
snowflake,iff_function,snowflake,oracle,intermediate,True,True,False,False,False,,False
snowflake,iff_function,snowflake,snowflake,intermediate,True,True,True,True,False,,False
snowflake,stream_processing,snowflake,postgres,advanced,True,True,True,True,False,,False
snowflake,stream_processing,snowflake,mysql,advanced,True,True,True,True,False,,False
snowflake,stream_processing,snowflake,tsql,advanced,True,True,True,True,False,,False
snowflake,stream_processing,snowflake,oracle,advanced,True,True,True,True,False,,False
snowflake,stream_processing,snowflake,snowflake,advanced,True,True,True,True,False,,False
snowflake,cte_with_window,snowflake,postgres,advanced,True,True,False,False,False,,False
snowflake,cte_with_window,snowflake,mysql,advanced,True,True,False,False,False,,False
snowflake,cte_with_window,snowflake,tsql,advanced,True,True,False,False,False,,False
snowflake,cte_with_window,snowflake,oracle,advanced,True,True,True,True,False,,False
snowflake,cte_with_window,snowflake,snowflake,advanced,True,True,True,True,False,,False
snowflake,variant_json,snowflake,postgres,dialect_specific,True,True,True,True,False,,False
snowflake,variant_json,snowflake,mysql,dialect_specific,True,True,True,True,False,,False
snowflake,variant_json,snowflake,tsql,dialect_specific,True,True,False,False,False,,False
snowflake,variant_json,snowflake,oracle,dialect_specific,True,True,True,True,False,,False
snowflake,variant_json,snowflake,snowflake,dialect_specific,True,True,True,True,False,,False
snowflake,time_travel,snowflake,postgres,dialect_specific,True,True,True,True,False,,False
snowflake,time_travel,snowflake,mysql,dialect_specific,True,True,True,True,False,,False
snowflake,time_travel,snowflake,tsql,dialect_specific,True,True,True,True,False,,False
snowflake,time_travel,snowflake,oracle,dialect_specific,True,True,True,True,False,,False
snowflake,time_travel,snowflake,snowflake,dialect_specific,True,True,True,True,False,,False
snowflake,clone_table,snowflake,postgres,dialect_specific,True,True,True,True,False,,False
snowflake,clone_table,snowflake,mysql,dialect_specific,True,True,True,True,False,,False
snowflake,clone_table,snowflake,tsql,dialect_specific,True,True,True,True,False,,False
snowflake,clone_table,snowflake,oracle,dialect_specific,True,True,True,True,False,,False
snowflake,clone_table,snowflake,snowflake,dialect_specific,True,True,True,True,False,,False
snowflake,array_construct,snowflake,postgres,dialect_specific,True,True,True,True,False,,False
snowflake,array_construct,snowflake,mysql,dialect_specific,True,True,True,True,False,,False
snowflake,array_construct,snowflake,tsql,dialect_specific,True,True,True,True,False,,False
snowflake,array_construct,snowflake,oracle,dialect_specific,True,True,True,True,False,,False
snowflake,array_construct,snowflake,snowflake,dialect_specific,True,True,True,True,False,,False
