query,src_folder,src_dialect,tgt_dialect,level,complexity,difficulty,parse_ok,transpile_ok,ast_equiv,latency_ms,error
simple_select,postgresql,postgres,postgres,basic,10,easy,True,True,True,4.01,
simple_select,postgresql,postgres,mysql,basic,10,easy,True,True,True,3.28,
simple_select,postgresql,postgres,tsql,basic,10,easy,True,True,True,5.425,
simple_select,postgresql,postgres,oracle,basic,10,easy,True,True,True,2.441,
simple_select,postgresql,postgres,snowflake,basic,10,easy,True,True,True,3.982,
basic_insert,postgresql,postgres,postgres,basic,15,easy,True,True,True,0.785,
basic_insert,postgresql,postgres,mysql,basic,15,easy,True,True,True,0.497,
basic_insert,postgresql,postgres,tsql,basic,15,easy,True,True,True,0.47,
basic_insert,postgresql,postgres,oracle,basic,15,easy,True,True,True,0.431,
basic_insert,postgresql,postgres,snowflake,basic,15,easy,True,True,True,0.466,
basic_update,postgresql,postgres,postgres,basic,15,easy,True,True,True,0.492,
basic_update,postgresql,postgres,mysql,basic,15,easy,True,True,True,0.304,
basic_update,postgresql,postgres,tsql,basic,15,easy,True,True,True,0.315,
basic_update,postgresql,postgres,oracle,basic,15,easy,True,True,True,0.291,
basic_update,postgresql,postgres,snowflake,basic,15,easy,True,True,True,0.292,
simple_join,postgresql,postgres,postgres,basic,20,easy,True,True,True,0.901,
simple_join,postgresql,postgres,mysql,basic,20,easy,True,True,True,0.557,
simple_join,postgresql,postgres,tsql,basic,20,easy,True,True,True,0.553,
simple_join,postgresql,postgres,oracle,basic,20,easy,True,True,True,0.487,
simple_join,postgresql,postgres,snowflake,basic,20,easy,True,True,True,0.685,
group_by_aggregation,postgresql,postgres,postgres,basic,20,easy,True,True,True,0.651,
group_by_aggregation,postgresql,postgres,mysql,basic,20,easy,True,True,True,0.39,
group_by_aggregation,postgresql,postgres,tsql,basic,20,easy,True,True,True,0.409,
group_by_aggregation,postgresql,postgres,oracle,basic,20,easy,True,True,True,0.403,
group_by_aggregation,postgresql,postgres,snowflake,basic,20,easy,True,True,True,0.51,
basic_where_and,postgresql,postgres,postgres,basic,15,easy,True,True,True,0.588,
basic_where_and,postgresql,postgres,mysql,basic,15,easy,True,True,True,0.364,
basic_where_and,postgresql,postgres,tsql,basic,15,easy,True,True,True,0.387,
basic_where_and,postgresql,postgres,oracle,basic,15,easy,True,True,True,0.341,
basic_where_and,postgresql,postgres,snowflake,basic,15,easy,True,True,True,0.475,
order_by_limit,postgresql,postgres,postgres,basic,15,easy,True,True,True,0.534,
order_by_limit,postgresql,postgres,mysql,basic,15,easy,True,True,False,0.43,
order_by_limit,postgresql,postgres,tsql,basic,15,easy,True,True,False,0.448,
order_by_limit,postgresql,postgres,oracle,basic,15,easy,True,True,False,0.337,
order_by_limit,postgresql,postgres,snowflake,basic,15,easy,True,True,True,0.409,
count_aggregate,postgresql,postgres,postgres,basic,10,easy,True,True,True,0.534,
count_aggregate,postgresql,postgres,mysql,basic,10,easy,True,True,True,0.357,
count_aggregate,postgresql,postgres,tsql,basic,10,easy,True,True,True,0.362,
count_aggregate,postgresql,postgres,oracle,basic,10,easy,True,True,True,0.331,
count_aggregate,postgresql,postgres,snowflake,basic,10,easy,True,True,True,0.457,
sum_aggregate,postgresql,postgres,postgres,basic,20,easy,True,True,True,0.615,
sum_aggregate,postgresql,postgres,mysql,basic,20,easy,True,True,True,0.367,
sum_aggregate,postgresql,postgres,tsql,basic,20,easy,True,True,True,0.391,
sum_aggregate,postgresql,postgres,oracle,basic,20,easy,True,True,True,0.367,
sum_aggregate,postgresql,postgres,snowflake,basic,20,easy,True,True,True,0.475,
avg_aggregate,postgresql,postgres,postgres,basic,20,easy,True,True,True,0.542,
avg_aggregate,postgresql,postgres,mysql,basic,20,easy,True,True,True,0.341,
avg_aggregate,postgresql,postgres,tsql,basic,20,easy,True,True,True,0.358,
avg_aggregate,postgresql,postgres,oracle,basic,20,easy,True,True,True,0.333,
avg_aggregate,postgresql,postgres,snowflake,basic,20,easy,True,True,True,0.438,
in_clause,postgresql,postgres,postgres,basic,15,easy,True,True,True,0.593,
in_clause,postgresql,postgres,mysql,basic,15,easy,True,True,True,0.401,
in_clause,postgresql,postgres,tsql,basic,15,easy,True,True,True,0.37,
in_clause,postgresql,postgres,oracle,basic,15,easy,True,True,True,0.338,
in_clause,postgresql,postgres,snowflake,basic,15,easy,True,True,True,0.459,
like_pattern,postgresql,postgres,postgres,basic,15,easy,True,True,True,0.497,
like_pattern,postgresql,postgres,mysql,basic,15,easy,True,True,True,0.314,
like_pattern,postgresql,postgres,tsql,basic,15,easy,True,True,True,0.308,
like_pattern,postgresql,postgres,oracle,basic,15,easy,True,True,True,0.269,
like_pattern,postgresql,postgres,snowflake,basic,15,easy,True,True,True,0.372,
between_clause,postgresql,postgres,postgres,basic,15,easy,True,True,True,0.477,
between_clause,postgresql,postgres,mysql,basic,15,easy,True,True,True,0.305,
between_clause,postgresql,postgres,tsql,basic,15,easy,True,True,True,0.323,
between_clause,postgresql,postgres,oracle,basic,15,easy,True,True,True,0.292,
between_clause,postgresql,postgres,snowflake,basic,15,easy,True,True,True,0.396,
is_null_check,postgresql,postgres,postgres,basic,10,easy,True,True,True,0.432,
is_null_check,postgresql,postgres,mysql,basic,10,easy,True,True,True,0.272,
is_null_check,postgresql,postgres,tsql,basic,10,easy,True,True,True,0.291,
is_null_check,postgresql,postgres,oracle,basic,10,easy,True,True,True,0.274,
is_null_check,postgresql,postgres,snowflake,basic,10,easy,True,True,True,0.353,
distinct_select,postgresql,postgres,postgres,basic,10,easy,True,True,True,0.349,
distinct_select,postgresql,postgres,mysql,basic,10,easy,True,True,True,0.22,
distinct_select,postgresql,postgres,tsql,basic,10,easy,True,True,True,0.228,
distinct_select,postgresql,postgres,oracle,basic,10,easy,True,True,True,0.205,
distinct_select,postgresql,postgres,snowflake,basic,10,easy,True,True,True,0.292,
max_min_aggregate,postgresql,postgres,postgres,basic,15,easy,True,True,True,0.65,
max_min_aggregate,postgresql,postgres,mysql,basic,15,easy,True,True,True,0.423,
max_min_aggregate,postgresql,postgres,tsql,basic,15,easy,True,True,True,0.422,
max_min_aggregate,postgresql,postgres,oracle,basic,15,easy,True,True,True,0.403,
max_min_aggregate,postgresql,postgres,snowflake,basic,15,easy,True,True,True,0.509,
having_clause,postgresql,postgres,postgres,basic,25,easy,True,True,True,0.824,
having_clause,postgresql,postgres,mysql,basic,25,easy,True,True,True,0.487,
having_clause,postgresql,postgres,tsql,basic,25,easy,True,True,True,0.521,
having_clause,postgresql,postgres,oracle,basic,25,easy,True,True,True,0.488,
having_clause,postgresql,postgres,snowflake,basic,25,easy,True,True,True,0.626,
basic_delete,postgresql,postgres,postgres,basic,20,easy,True,True,True,0.567,
basic_delete,postgresql,postgres,mysql,basic,20,easy,True,True,True,0.347,
basic_delete,postgresql,postgres,tsql,basic,20,easy,True,True,True,0.366,
basic_delete,postgresql,postgres,oracle,basic,20,easy,True,True,True,0.556,
basic_delete,postgresql,postgres,snowflake,basic,20,easy,True,True,True,0.856,
create_table_basic,postgresql,postgres,postgres,basic,30,easy,True,True,True,1.658,
create_table_basic,postgresql,postgres,mysql,basic,30,easy,True,True,True,0.769,
create_table_basic,postgresql,postgres,tsql,basic,30,easy,True,True,True,0.888,
create_table_basic,postgresql,postgres,oracle,basic,30,easy,True,True,True,0.775,
create_table_basic,postgresql,postgres,snowflake,basic,30,easy,True,True,False,0.623,
alter_table_add_column,postgresql,postgres,postgres,basic,15,easy,True,True,True,0.525,
alter_table_add_column,postgresql,postgres,mysql,basic,15,easy,True,True,True,0.268,
alter_table_add_column,postgresql,postgres,tsql,basic,15,easy,True,True,True,0.263,
alter_table_add_column,postgresql,postgres,oracle,basic,15,easy,True,True,True,0.258,
alter_table_add_column,postgresql,postgres,snowflake,basic,15,easy,True,True,True,0.534,
subquery_in,postgresql,postgres,postgres,intermediate,35,medium,True,True,True,0.907,
subquery_in,postgresql,postgres,mysql,intermediate,35,medium,True,True,True,0.534,
subquery_in,postgresql,postgres,tsql,intermediate,35,medium,True,True,True,0.563,
subquery_in,postgresql,postgres,oracle,intermediate,35,medium,True,True,True,0.501,
subquery_in,postgresql,postgres,snowflake,intermediate,35,medium,True,True,True,0.76,
cte_basic,postgresql,postgres,postgres,intermediate,50,medium,True,True,True,1.769,
cte_basic,postgresql,postgres,mysql,intermediate,50,medium,True,True,True,1.079,
cte_basic,postgresql,postgres,tsql,intermediate,50,medium,True,True,False,3.511,
cte_basic,postgresql,postgres,oracle,intermediate,50,medium,True,True,True,1.126,
cte_basic,postgresql,postgres,snowflake,intermediate,50,medium,True,True,True,1.485,
window_function_rank,postgresql,postgres,postgres,intermediate,45,medium,True,True,True,0.948,
window_function_rank,postgresql,postgres,mysql,intermediate,45,medium,True,True,False,0.722,
window_function_rank,postgresql,postgres,tsql,intermediate,45,medium,True,True,False,0.721,
window_function_rank,postgresql,postgres,oracle,intermediate,45,medium,True,True,True,0.602,
window_function_rank,postgresql,postgres,snowflake,intermediate,45,medium,True,True,True,0.717,
multiple_joins,postgresql,postgres,postgres,intermediate,60,medium,True,True,True,1.973,
multiple_joins,postgresql,postgres,mysql,intermediate,60,medium,True,True,True,1.223,
multiple_joins,postgresql,postgres,tsql,intermediate,60,medium,True,True,True,1.31,
multiple_joins,postgresql,postgres,oracle,intermediate,60,medium,True,True,True,1.333,
multiple_joins,postgresql,postgres,snowflake,intermediate,60,medium,True,True,True,1.727,
case_statement,postgresql,postgres,postgres,intermediate,35,medium,True,True,True,0.975,
case_statement,postgresql,postgres,mysql,intermediate,35,medium,True,True,True,0.551,
case_statement,postgresql,postgres,tsql,intermediate,35,medium,True,True,True,0.589,
case_statement,postgresql,postgres,oracle,intermediate,35,medium,True,True,True,0.541,
case_statement,postgresql,postgres,snowflake,intermediate,35,medium,True,True,True,0.707,
coalesce_function,postgresql,postgres,postgres,intermediate,25,medium,True,True,True,0.658,
coalesce_function,postgresql,postgres,mysql,intermediate,25,medium,True,True,True,0.433,
coalesce_function,postgresql,postgres,tsql,intermediate,25,medium,True,True,True,0.431,
coalesce_function,postgresql,postgres,oracle,intermediate,25,medium,True,True,True,0.385,
coalesce_function,postgresql,postgres,snowflake,intermediate,25,medium,True,True,True,0.504,
string_aggregation,postgresql,postgres,postgres,intermediate,40,medium,True,True,True,0.875,
string_aggregation,postgresql,postgres,mysql,intermediate,40,medium,True,True,False,0.611,
string_aggregation,postgresql,postgres,tsql,intermediate,40,medium,True,True,False,0.652,
string_aggregation,postgresql,postgres,oracle,intermediate,40,medium,True,True,True,0.547,
string_aggregation,postgresql,postgres,snowflake,intermediate,40,medium,True,True,True,0.674,
jsonb_operations,postgresql,postgres,postgres,intermediate,55,medium,True,True,True,1.061,
jsonb_operations,postgresql,postgres,mysql,intermediate,55,medium,True,True,False,0.72,
jsonb_operations,postgresql,postgres,tsql,intermediate,55,medium,True,True,False,0.989,
jsonb_operations,postgresql,postgres,oracle,intermediate,55,medium,True,True,False,0.687,
jsonb_operations,postgresql,postgres,snowflake,intermediate,55,medium,True,True,False,0.962,
array_operations,postgresql,postgres,postgres,intermediate,30,medium,True,True,True,0.656,
array_operations,postgresql,postgres,mysql,intermediate,30,medium,True,True,True,0.406,
array_operations,postgresql,postgres,tsql,intermediate,30,medium,True,True,True,0.418,
array_operations,postgresql,postgres,oracle,intermediate,30,medium,True,True,True,0.604,
array_operations,postgresql,postgres,snowflake,intermediate,30,medium,True,True,True,0.574,
date_truncation,postgresql,postgres,postgres,intermediate,40,medium,True,True,True,0.929,
date_truncation,postgresql,postgres,mysql,intermediate,40,medium,True,True,False,0.829,
date_truncation,postgresql,postgres,tsql,intermediate,40,medium,True,True,True,0.675,
date_truncation,postgresql,postgres,oracle,intermediate,40,medium,True,True,True,0.582,
date_truncation,postgresql,postgres,snowflake,intermediate,40,medium,True,True,True,0.717,
self_join,postgresql,postgres,postgres,intermediate,40,medium,True,True,True,0.948,
self_join,postgresql,postgres,mysql,intermediate,40,medium,True,True,True,0.575,
self_join,postgresql,postgres,tsql,intermediate,40,medium,True,True,True,0.614,
self_join,postgresql,postgres,oracle,intermediate,40,medium,True,True,True,0.549,
self_join,postgresql,postgres,snowflake,intermediate,40,medium,True,True,True,0.751,
union_queries,postgresql,postgres,postgres,intermediate,30,medium,True,True,True,0.861,
union_queries,postgresql,postgres,mysql,intermediate,30,medium,True,True,True,0.537,
union_queries,postgresql,postgres,tsql,intermediate,30,medium,True,True,True,0.616,
union_queries,postgresql,postgres,oracle,intermediate,30,medium,True,True,True,0.48,
union_queries,postgresql,postgres,snowflake,intermediate,30,medium,True,True,True,0.669,
exists_clause,postgresql,postgres,postgres,intermediate,40,medium,True,True,True,1.006,
exists_clause,postgresql,postgres,mysql,intermediate,40,medium,True,True,True,0.626,
exists_clause,postgresql,postgres,tsql,intermediate,40,medium,True,True,True,0.688,
exists_clause,postgresql,postgres,oracle,intermediate,40,medium,True,True,True,0.615,
exists_clause,postgresql,postgres,snowflake,intermediate,40,medium,True,True,True,1.164,
window_lead_lag,postgresql,postgres,postgres,intermediate,50,medium,True,True,True,1.304,
window_lead_lag,postgresql,postgres,mysql,intermediate,50,medium,True,True,False,0.968,
window_lead_lag,postgresql,postgres,tsql,intermediate,50,medium,True,True,False,0.956,
window_lead_lag,postgresql,postgres,oracle,intermediate,50,medium,True,True,True,0.759,
window_lead_lag,postgresql,postgres,snowflake,intermediate,50,medium,True,True,True,0.927,
cross_join,postgresql,postgres,postgres,intermediate,25,medium,True,True,True,0.7,
cross_join,postgresql,postgres,mysql,intermediate,25,medium,True,True,True,0.407,
cross_join,postgresql,postgres,tsql,intermediate,25,medium,True,True,True,0.44,
cross_join,postgresql,postgres,oracle,intermediate,25,medium,True,True,True,0.38,
cross_join,postgresql,postgres,snowflake,intermediate,25,medium,True,True,True,0.566,
full_outer_join,postgresql,postgres,postgres,intermediate,35,medium,True,True,True,0.755,
full_outer_join,postgresql,postgres,mysql,intermediate,35,medium,True,True,False,1.135,
full_outer_join,postgresql,postgres,tsql,intermediate,35,medium,True,True,True,0.485,
full_outer_join,postgresql,postgres,oracle,intermediate,35,medium,True,True,True,0.414,
full_outer_join,postgresql,postgres,snowflake,intermediate,35,medium,True,True,True,0.563,
extract_date_parts,postgresql,postgres,postgres,intermediate,40,medium,True,True,True,0.933,
extract_date_parts,postgresql,postgres,mysql,intermediate,40,medium,True,True,True,0.561,
extract_date_parts,postgresql,postgres,tsql,intermediate,40,medium,True,True,True,0.616,
extract_date_parts,postgresql,postgres,oracle,intermediate,40,medium,True,True,True,0.591,
extract_date_parts,postgresql,postgres,snowflake,intermediate,40,medium,True,True,True,0.724,
conditional_aggregation,postgresql,postgres,postgres,intermediate,45,medium,True,True,True,1.764,
conditional_aggregation,postgresql,postgres,mysql,intermediate,45,medium,True,True,True,0.777,
conditional_aggregation,postgresql,postgres,tsql,intermediate,45,medium,True,True,True,0.808,
conditional_aggregation,postgresql,postgres,oracle,intermediate,45,medium,True,True,True,0.787,
conditional_aggregation,postgresql,postgres,snowflake,intermediate,45,medium,True,True,True,0.943,
row_number_pagination,postgresql,postgres,postgres,intermediate,50,medium,True,True,True,1.148,
row_number_pagination,postgresql,postgres,mysql,intermediate,50,medium,True,True,False,0.767,
row_number_pagination,postgresql,postgres,tsql,intermediate,50,medium,True,True,False,1.217,
row_number_pagination,postgresql,postgres,oracle,intermediate,50,medium,True,True,True,0.701,
row_number_pagination,postgresql,postgres,snowflake,intermediate,50,medium,True,True,True,0.943,
regexp_matching,postgresql,postgres,postgres,intermediate,35,medium,True,True,True,0.552,
regexp_matching,postgresql,postgres,mysql,intermediate,35,medium,True,True,True,0.358,
regexp_matching,postgresql,postgres,tsql,intermediate,35,medium,True,True,True,0.36,
regexp_matching,postgresql,postgres,oracle,intermediate,35,medium,True,True,True,0.323,
regexp_matching,postgresql,postgres,snowflake,intermediate,35,medium,True,True,True,0.45,
recursive_cte,postgresql,postgres,postgres,advanced,75,hard,True,True,True,2.244,
recursive_cte,postgresql,postgres,mysql,advanced,75,hard,True,True,False,2.081,
recursive_cte,postgresql,postgres,tsql,advanced,75,hard,True,True,False,1.896,
recursive_cte,postgresql,postgres,oracle,advanced,75,hard,True,True,True,1.442,
recursive_cte,postgresql,postgres,snowflake,advanced,75,hard,True,True,True,2.25,
multiple_ctes,postgresql,postgres,postgres,advanced,80,hard,True,True,True,3.014,
multiple_ctes,postgresql,postgres,mysql,advanced,80,hard,True,True,False,2.606,
multiple_ctes,postgresql,postgres,tsql,advanced,80,hard,True,True,True,2.354,
multiple_ctes,postgresql,postgres,oracle,advanced,80,hard,True,True,True,11.303,
multiple_ctes,postgresql,postgres,snowflake,advanced,80,hard,True,True,True,2.859,
window_moving_average,postgresql,postgres,postgres,advanced,70,hard,True,True,True,1.703,
window_moving_average,postgresql,postgres,mysql,advanced,70,hard,True,True,True,1.096,
window_moving_average,postgresql,postgres,tsql,advanced,70,hard,True,True,True,1.036,
window_moving_average,postgresql,postgres,oracle,advanced,70,hard,True,True,True,0.91,
window_moving_average,postgresql,postgres,snowflake,advanced,70,hard,True,True,True,1.416,
lateral_join,postgresql,postgres,postgres,advanced,65,hard,True,True,True,1.588,
lateral_join,postgresql,postgres,mysql,advanced,65,hard,True,True,False,1.096,
lateral_join,postgresql,postgres,tsql,advanced,65,hard,True,True,False,1.256,
lateral_join,postgresql,postgres,oracle,advanced,65,hard,True,True,False,1.009,
lateral_join,postgresql,postgres,snowflake,advanced,65,hard,True,True,True,1.527,
pivot_crosstab,postgresql,postgres,postgres,advanced,80,hard,True,True,True,1.095,
pivot_crosstab,postgresql,postgres,mysql,advanced,80,hard,True,True,True,0.576,
pivot_crosstab,postgresql,postgres,tsql,advanced,80,hard,True,True,True,0.569,
pivot_crosstab,postgresql,postgres,oracle,advanced,80,hard,True,True,True,0.532,
pivot_crosstab,postgresql,postgres,snowflake,advanced,80,hard,True,True,False,0.992,
percentile_calculation,postgresql,postgres,postgres,advanced,60,hard,True,True,True,1.551,
percentile_calculation,postgresql,postgres,mysql,advanced,60,hard,True,True,False,1.295,
percentile_calculation,postgresql,postgres,tsql,advanced,60,hard,True,True,False,1.354,
percentile_calculation,postgresql,postgres,oracle,advanced,60,hard,True,True,True,0.962,
percentile_calculation,postgresql,postgres,snowflake,advanced,60,hard,True,True,True,1.215,
generate_series_dates,postgresql,postgres,postgres,advanced,70,hard,True,True,True,2.247,
generate_series_dates,postgresql,postgres,mysql,advanced,70,hard,True,True,False,1.448,
generate_series_dates,postgresql,postgres,tsql,advanced,70,hard,True,True,False,1.491,
generate_series_dates,postgresql,postgres,oracle,advanced,70,hard,True,True,False,1.283,
generate_series_dates,postgresql,postgres,snowflake,advanced,70,hard,True,True,False,1.661,
full_text_search,postgresql,postgres,postgres,advanced,65,hard,True,True,True,2.165,
full_text_search,postgresql,postgres,mysql,advanced,65,hard,True,True,False,0.836,
full_text_search,postgresql,postgres,tsql,advanced,65,hard,True,True,False,0.81,
full_text_search,postgresql,postgres,oracle,advanced,65,hard,True,True,False,0.729,
full_text_search,postgresql,postgres,snowflake,advanced,65,hard,True,True,False,0.936,
complex_nested_query,postgresql,postgres,postgres,advanced,75,hard,True,True,True,3.157,
complex_nested_query,postgresql,postgres,mysql,advanced,75,hard,True,True,False,2.35,
complex_nested_query,postgresql,postgres,tsql,advanced,75,hard,True,True,False,2.185,
complex_nested_query,postgresql,postgres,oracle,advanced,75,hard,True,True,True,1.938,
complex_nested_query,postgresql,postgres,snowflake,advanced,75,hard,True,True,True,3.216,
upsert_on_conflict,postgresql,postgres,postgres,advanced,60,hard,True,True,True,1.48,
upsert_on_conflict,postgresql,postgres,mysql,advanced,60,hard,True,True,True,0.938,
upsert_on_conflict,postgresql,postgres,tsql,advanced,60,hard,True,True,True,0.984,
upsert_on_conflict,postgresql,postgres,oracle,advanced,60,hard,True,True,True,0.925,
upsert_on_conflict,postgresql,postgres,snowflake,advanced,60,hard,True,True,True,1.291,
array_agg,postgresql,postgres,postgres,dialect_specific,40,hard,True,True,True,0.866,
array_agg,postgresql,postgres,mysql,dialect_specific,40,hard,True,True,False,0.593,
array_agg,postgresql,postgres,tsql,dialect_specific,40,hard,True,True,False,0.622,
array_agg,postgresql,postgres,oracle,dialect_specific,40,hard,True,True,True,0.49,
array_agg,postgresql,postgres,snowflake,dialect_specific,40,hard,True,True,False,0.637,
jsonb_aggregation,postgresql,postgres,postgres,dialect_specific,60,hard,True,True,True,0.838,
jsonb_aggregation,postgresql,postgres,mysql,dialect_specific,60,hard,True,True,True,0.503,
jsonb_aggregation,postgresql,postgres,tsql,dialect_specific,60,hard,True,True,True,0.535,
jsonb_aggregation,postgresql,postgres,oracle,dialect_specific,60,hard,True,True,True,0.511,
jsonb_aggregation,postgresql,postgres,snowflake,dialect_specific,60,hard,True,True,True,0.963,
gin_index_usage,postgresql,postgres,postgres,dialect_specific,30,hard,True,True,True,0.44,
gin_index_usage,postgresql,postgres,mysql,dialect_specific,30,hard,True,True,False,0.335,
gin_index_usage,postgresql,postgres,tsql,dialect_specific,30,hard,True,True,False,0.591,
gin_index_usage,postgresql,postgres,oracle,dialect_specific,30,hard,True,True,True,0.423,
gin_index_usage,postgresql,postgres,snowflake,dialect_specific,30,hard,True,True,True,0.464,
listen_notify,postgresql,postgres,postgres,dialect_specific,20,hard,False,False,False,0.089,parse:ParseError
listen_notify,postgresql,postgres,mysql,dialect_specific,20,hard,False,False,False,0.072,parse:ParseError
listen_notify,postgresql,postgres,tsql,dialect_specific,20,hard,False,False,False,0.066,parse:ParseError
listen_notify,postgresql,postgres,oracle,dialect_specific,20,hard,False,False,False,0.059,parse:ParseError
listen_notify,postgresql,postgres,snowflake,dialect_specific,20,hard,False,False,False,0.06,parse:ParseError
uuid_generation,postgresql,postgres,postgres,dialect_specific,25,hard,True,True,True,0.778,
uuid_generation,postgresql,postgres,mysql,dialect_specific,25,hard,True,True,True,0.432,
uuid_generation,postgresql,postgres,tsql,dialect_specific,25,hard,True,True,True,0.448,
uuid_generation,postgresql,postgres,oracle,dialect_specific,25,hard,True,True,True,0.429,
uuid_generation,postgresql,postgres,snowflake,dialect_specific,25,hard,True,True,True,0.452,
simple_select,mysql,mysql,postgres,basic,10,easy,True,True,True,0.307,
simple_select,mysql,mysql,mysql,basic,10,easy,True,True,True,0.471,
simple_select,mysql,mysql,tsql,basic,10,easy,True,True,True,0.616,
simple_select,mysql,mysql,oracle,basic,10,easy,True,True,True,0.308,
simple_select,mysql,mysql,snowflake,basic,10,easy,True,True,True,0.412,
auto_increment_table,mysql,mysql,postgres,basic,35,easy,True,True,False,1.01,
auto_increment_table,mysql,mysql,mysql,basic,35,easy,True,True,True,1.383,
auto_increment_table,mysql,mysql,tsql,basic,35,easy,True,True,True,0.881,
auto_increment_table,mysql,mysql,oracle,basic,35,easy,True,True,True,0.824,
auto_increment_table,mysql,mysql,snowflake,basic,35,easy,True,True,True,0.907,
insert_with_now,mysql,mysql,postgres,basic,15,easy,True,True,False,0.514,
insert_with_now,mysql,mysql,mysql,basic,15,easy,True,True,True,1.019,
insert_with_now,mysql,mysql,tsql,basic,15,easy,True,True,True,0.446,
insert_with_now,mysql,mysql,oracle,basic,15,easy,True,True,True,0.417,
insert_with_now,mysql,mysql,snowflake,basic,15,easy,True,True,True,0.432,
basic_update,mysql,mysql,postgres,basic,15,easy,True,True,True,0.311,
basic_update,mysql,mysql,mysql,basic,15,easy,True,True,True,0.456,
basic_update,mysql,mysql,tsql,basic,15,easy,True,True,True,0.318,
basic_update,mysql,mysql,oracle,basic,15,easy,True,True,True,0.283,
basic_update,mysql,mysql,snowflake,basic,15,easy,True,True,True,0.322,
limit_offset,mysql,mysql,postgres,basic,20,easy,True,True,True,0.546,
limit_offset,mysql,mysql,mysql,basic,20,easy,True,True,True,0.702,
limit_offset,mysql,mysql,tsql,basic,20,easy,True,True,False,0.449,
limit_offset,mysql,mysql,oracle,basic,20,easy,True,True,False,0.391,
limit_offset,mysql,mysql,snowflake,basic,20,easy,True,True,True,0.498,
inner_join,mysql,mysql,postgres,basic,20,easy,True,True,True,0.523,
inner_join,mysql,mysql,mysql,basic,20,easy,True,True,True,0.949,
inner_join,mysql,mysql,tsql,basic,20,easy,True,True,True,0.549,
inner_join,mysql,mysql,oracle,basic,20,easy,True,True,True,0.477,
inner_join,mysql,mysql,snowflake,basic,20,easy,True,True,True,0.687,
aggregate_count,mysql,mysql,postgres,basic,20,easy,True,True,True,0.425,
aggregate_count,mysql,mysql,mysql,basic,20,easy,True,True,True,0.627,
aggregate_count,mysql,mysql,tsql,basic,20,easy,True,True,True,0.408,
aggregate_count,mysql,mysql,oracle,basic,20,easy,True,True,True,0.379,
aggregate_count,mysql,mysql,snowflake,basic,20,easy,True,True,True,0.501,
where_in,mysql,mysql,postgres,basic,15,easy,True,True,True,0.372,
where_in,mysql,mysql,mysql,basic,15,easy,True,True,True,0.584,
where_in,mysql,mysql,tsql,basic,15,easy,True,True,True,0.374,
where_in,mysql,mysql,oracle,basic,15,easy,True,True,True,0.335,
where_in,mysql,mysql,snowflake,basic,15,easy,True,True,True,0.499,
json_extract,mysql,mysql,postgres,intermediate,40,medium,True,True,True,0.461,
json_extract,mysql,mysql,mysql,intermediate,40,medium,True,True,True,0.718,
json_extract,mysql,mysql,tsql,intermediate,40,medium,True,True,False,0.575,
json_extract,mysql,mysql,oracle,intermediate,40,medium,True,True,True,0.434,
json_extract,mysql,mysql,snowflake,intermediate,40,medium,True,True,False,0.569,
group_concat,mysql,mysql,postgres,intermediate,40,medium,True,True,True,0.552,
group_concat,mysql,mysql,mysql,intermediate,40,medium,True,True,True,0.779,
group_concat,mysql,mysql,tsql,intermediate,40,medium,True,True,True,0.508,
group_concat,mysql,mysql,oracle,intermediate,40,medium,True,True,True,0.907,
group_concat,mysql,mysql,snowflake,intermediate,40,medium,True,True,True,0.748,
date_format,mysql,mysql,postgres,intermediate,40,medium,True,True,False,0.777,
date_format,mysql,mysql,mysql,intermediate,40,medium,True,True,True,0.956,
date_format,mysql,mysql,tsql,intermediate,40,medium,True,True,False,0.759,
date_format,mysql,mysql,oracle,intermediate,40,medium,True,True,False,0.732,
date_format,mysql,mysql,snowflake,intermediate,40,medium,True,True,False,0.89,
subquery_in_select,mysql,mysql,postgres,intermediate,45,medium,True,True,True,0.688,
subquery_in_select,mysql,mysql,mysql,intermediate,45,medium,True,True,True,1.064,
subquery_in_select,mysql,mysql,tsql,intermediate,45,medium,True,True,True,0.695,
subquery_in_select,mysql,mysql,oracle,intermediate,45,medium,True,True,True,0.64,
subquery_in_select,mysql,mysql,snowflake,intermediate,45,medium,True,True,True,1.031,
left_join_with_aggregation,mysql,mysql,postgres,intermediate,50,medium,True,True,True,0.868,
left_join_with_aggregation,mysql,mysql,mysql,intermediate,50,medium,True,True,True,1.286,
left_join_with_aggregation,mysql,mysql,tsql,intermediate,50,medium,True,True,True,0.828,
left_join_with_aggregation,mysql,mysql,oracle,intermediate,50,medium,True,True,True,0.77,
left_join_with_aggregation,mysql,mysql,snowflake,intermediate,50,medium,True,True,True,0.991,
case_when,mysql,mysql,postgres,intermediate,35,medium,True,True,True,0.552,
case_when,mysql,mysql,mysql,intermediate,35,medium,True,True,True,0.83,
case_when,mysql,mysql,tsql,intermediate,35,medium,True,True,True,0.838,
case_when,mysql,mysql,oracle,intermediate,35,medium,True,True,True,0.575,
case_when,mysql,mysql,snowflake,intermediate,35,medium,True,True,True,0.712,
window_function_row_number,mysql,mysql,postgres,advanced,60,hard,True,True,True,0.599,
window_function_row_number,mysql,mysql,mysql,advanced,60,hard,True,True,True,0.851,
window_function_row_number,mysql,mysql,tsql,advanced,60,hard,True,True,True,0.538,
window_function_row_number,mysql,mysql,oracle,advanced,60,hard,True,True,True,0.528,
window_function_row_number,mysql,mysql,snowflake,advanced,60,hard,True,True,True,0.674,
recursive_cte,mysql,mysql,postgres,advanced,75,hard,True,True,True,1.261,
recursive_cte,mysql,mysql,mysql,advanced,75,hard,True,True,True,2.246,
recursive_cte,mysql,mysql,tsql,advanced,75,hard,True,True,True,1.483,
recursive_cte,mysql,mysql,oracle,advanced,75,hard,True,True,True,1.196,
recursive_cte,mysql,mysql,snowflake,advanced,75,hard,True,True,True,1.681,
complex_join_aggregation,mysql,mysql,postgres,advanced,70,hard,True,True,False,1.593,
complex_join_aggregation,mysql,mysql,mysql,advanced,70,hard,True,True,True,3.062,
complex_join_aggregation,mysql,mysql,tsql,advanced,70,hard,True,True,True,10.186,
complex_join_aggregation,mysql,mysql,oracle,advanced,70,hard,True,True,True,1.788,
complex_join_aggregation,mysql,mysql,snowflake,advanced,70,hard,True,True,False,2.651,
fulltext_search,mysql,mysql,postgres,dialect_specific,50,hard,True,True,True,0.518,
fulltext_search,mysql,mysql,mysql,dialect_specific,50,hard,True,True,True,0.661,
fulltext_search,mysql,mysql,tsql,dialect_specific,50,hard,True,True,True,0.439,
fulltext_search,mysql,mysql,oracle,dialect_specific,50,hard,True,True,True,0.397,
fulltext_search,mysql,mysql,snowflake,dialect_specific,50,hard,True,True,True,0.738,
on_duplicate_key,mysql,mysql,postgres,dialect_specific,55,hard,True,True,True,1.04,
on_duplicate_key,mysql,mysql,mysql,dialect_specific,55,hard,True,True,True,1.068,
on_duplicate_key,mysql,mysql,tsql,dialect_specific,55,hard,True,True,True,0.689,
on_duplicate_key,mysql,mysql,oracle,dialect_specific,55,hard,True,True,True,0.632,
on_duplicate_key,mysql,mysql,snowflake,dialect_specific,55,hard,True,True,True,0.65,
insert_ignore,mysql,mysql,postgres,dialect_specific,20,hard,True,True,False,0.27,
insert_ignore,mysql,mysql,mysql,dialect_specific,20,hard,True,True,True,0.525,
insert_ignore,mysql,mysql,tsql,dialect_specific,20,hard,True,True,False,0.259,
insert_ignore,mysql,mysql,oracle,dialect_specific,20,hard,True,True,False,0.239,
insert_ignore,mysql,mysql,snowflake,dialect_specific,20,hard,True,True,False,0.288,
top_select,sqlserver,tsql,postgres,basic,15,easy,True,True,True,0.369,
top_select,sqlserver,tsql,mysql,basic,15,easy,True,True,True,0.628,
top_select,sqlserver,tsql,tsql,basic,15,easy,True,True,True,0.607,
top_select,sqlserver,tsql,oracle,basic,15,easy,True,True,False,0.347,
top_select,sqlserver,tsql,snowflake,basic,15,easy,True,True,True,0.792,
identity_column,sqlserver,tsql,postgres,basic,35,easy,True,True,True,1.444,
identity_column,sqlserver,tsql,mysql,basic,35,easy,True,True,True,1.143,
identity_column,sqlserver,tsql,tsql,basic,35,easy,True,True,True,2.048,
identity_column,sqlserver,tsql,oracle,basic,35,easy,True,True,True,1.172,
identity_column,sqlserver,tsql,snowflake,basic,35,easy,True,True,True,1.714,
top_with_offset,sqlserver,tsql,postgres,intermediate,30,medium,True,True,True,0.525,
top_with_offset,sqlserver,tsql,mysql,intermediate,30,medium,True,True,False,0.444,
top_with_offset,sqlserver,tsql,tsql,intermediate,30,medium,True,True,True,0.792,
top_with_offset,sqlserver,tsql,oracle,intermediate,30,medium,True,True,True,0.429,
top_with_offset,sqlserver,tsql,snowflake,intermediate,30,medium,True,True,True,0.75,
try_convert,sqlserver,tsql,postgres,intermediate,35,medium,True,True,False,0.615,
try_convert,sqlserver,tsql,mysql,intermediate,35,medium,True,True,False,0.564,
try_convert,sqlserver,tsql,tsql,intermediate,35,medium,True,True,True,1.906,
try_convert,sqlserver,tsql,oracle,intermediate,35,medium,True,True,False,0.634,
try_convert,sqlserver,tsql,snowflake,intermediate,35,medium,True,True,False,0.877,
string_split,sqlserver,tsql,postgres,intermediate,25,medium,True,True,True,0.364,
string_split,sqlserver,tsql,mysql,intermediate,25,medium,True,True,True,0.329,
string_split,sqlserver,tsql,tsql,intermediate,25,medium,True,True,True,0.533,
string_split,sqlserver,tsql,oracle,intermediate,25,medium,True,True,True,0.292,
string_split,sqlserver,tsql,snowflake,intermediate,25,medium,True,True,True,0.441,
format_function,sqlserver,tsql,postgres,intermediate,35,medium,True,True,True,0.577,
format_function,sqlserver,tsql,mysql,intermediate,35,medium,True,True,False,0.68,
format_function,sqlserver,tsql,tsql,intermediate,35,medium,True,True,True,1.146,
format_function,sqlserver,tsql,oracle,intermediate,35,medium,True,True,False,0.996,
format_function,sqlserver,tsql,snowflake,intermediate,35,medium,True,True,False,0.77,
iif_function,sqlserver,tsql,postgres,intermediate,25,medium,True,True,False,0.487,
iif_function,sqlserver,tsql,mysql,intermediate,25,medium,True,True,False,0.481,
iif_function,sqlserver,tsql,tsql,intermediate,25,medium,True,True,True,0.87,
iif_function,sqlserver,tsql,oracle,intermediate,25,medium,True,True,False,0.427,
iif_function,sqlserver,tsql,snowflake,intermediate,25,medium,True,True,True,0.562,
cte_with_ranking,sqlserver,tsql,postgres,advanced,65,hard,True,True,True,0.884,
cte_with_ranking,sqlserver,tsql,mysql,advanced,65,hard,True,True,True,0.934,
cte_with_ranking,sqlserver,tsql,tsql,advanced,65,hard,True,True,True,2.09,
cte_with_ranking,sqlserver,tsql,oracle,advanced,65,hard,True,True,True,0.882,
cte_with_ranking,sqlserver,tsql,snowflake,advanced,65,hard,True,True,True,1.163,
pivot_table,sqlserver,tsql,postgres,advanced,70,hard,True,True,False,0.808,
pivot_table,sqlserver,tsql,mysql,advanced,70,hard,True,True,False,0.744,
pivot_table,sqlserver,tsql,tsql,advanced,70,hard,True,True,True,1.907,
pivot_table,sqlserver,tsql,oracle,advanced,70,hard,True,True,True,1.159,
pivot_table,sqlserver,tsql,snowflake,advanced,70,hard,True,True,True,1.329,
merge_statement,sqlserver,tsql,postgres,advanced,75,hard,True,True,False,1.078,
merge_statement,sqlserver,tsql,mysql,advanced,75,hard,True,True,True,1.001,
merge_statement,sqlserver,tsql,tsql,advanced,75,hard,True,True,True,1.725,
merge_statement,sqlserver,tsql,oracle,advanced,75,hard,True,True,True,0.962,
merge_statement,sqlserver,tsql,snowflake,advanced,75,hard,True,True,True,1.032,
xml_operations,sqlserver,tsql,postgres,dialect_specific,60,hard,True,True,True,0.468,
xml_operations,sqlserver,tsql,mysql,dialect_specific,60,hard,True,True,True,0.422,
xml_operations,sqlserver,tsql,tsql,dialect_specific,60,hard,True,True,True,0.698,
xml_operations,sqlserver,tsql,oracle,dialect_specific,60,hard,True,True,True,0.382,
xml_operations,sqlserver,tsql,snowflake,dialect_specific,60,hard,True,True,True,0.564,
json_operations,sqlserver,tsql,postgres,dialect_specific,55,hard,True,True,True,0.625,
json_operations,sqlserver,tsql,mysql,dialect_specific,55,hard,True,True,True,0.616,
json_operations,sqlserver,tsql,tsql,dialect_specific,55,hard,True,True,False,1.413,
json_operations,sqlserver,tsql,oracle,dialect_specific,55,hard,True,True,True,0.938,
json_operations,sqlserver,tsql,snowflake,dialect_specific,55,hard,True,True,True,0.785,
temporal_table,sqlserver,tsql,postgres,dialect_specific,50,hard,True,True,True,0.492,
temporal_table,sqlserver,tsql,mysql,dialect_specific,50,hard,True,True,True,0.556,
temporal_table,sqlserver,tsql,tsql,dialect_specific,50,hard,True,True,True,0.681,
temporal_table,sqlserver,tsql,oracle,dialect_specific,50,hard,True,True,True,0.323,
temporal_table,sqlserver,tsql,snowflake,dialect_specific,50,hard,True,True,True,0.476,
rownum_limit,oracle,oracle,postgres,basic,25,easy,True,True,True,0.558,
rownum_limit,oracle,oracle,mysql,basic,25,easy,True,True,False,0.637,
rownum_limit,oracle,oracle,tsql,basic,25,easy,True,True,False,0.63,
rownum_limit,oracle,oracle,oracle,basic,25,easy,True,True,True,0.846,
rownum_limit,oracle,oracle,snowflake,basic,25,easy,True,True,True,1.094,
sequence_nextval,oracle,oracle,postgres,basic,20,easy,True,True,True,0.453,
sequence_nextval,oracle,oracle,mysql,basic,20,easy,True,True,True,0.422,
sequence_nextval,oracle,oracle,tsql,basic,20,easy,True,True,True,0.433,
sequence_nextval,oracle,oracle,oracle,basic,20,easy,True,True,True,0.61,
sequence_nextval,oracle,oracle,snowflake,basic,20,easy,True,True,True,0.4,
sysdate,oracle,oracle,postgres,basic,15,easy,True,True,True,0.368,
sysdate,oracle,oracle,mysql,basic,15,easy,True,True,True,0.384,
sysdate,oracle,oracle,tsql,basic,15,easy,True,True,True,0.385,
sysdate,oracle,oracle,oracle,basic,15,easy,True,True,True,0.513,
sysdate,oracle,oracle,snowflake,basic,15,easy,True,True,True,0.455,
dual_table,oracle,oracle,postgres,basic,10,easy,True,True,True,0.211,
dual_table,oracle,oracle,mysql,basic,10,easy,True,True,True,0.229,
dual_table,oracle,oracle,tsql,basic,10,easy,True,True,True,0.231,
dual_table,oracle,oracle,oracle,basic,10,easy,True,True,True,0.309,
dual_table,oracle,oracle,snowflake,basic,10,easy,True,True,True,0.301,
decode_function,oracle,oracle,postgres,intermediate,35,medium,True,True,False,0.672,
decode_function,oracle,oracle,mysql,intermediate,35,medium,True,True,False,0.606,
decode_function,oracle,oracle,tsql,intermediate,35,medium,True,True,False,0.578,
decode_function,oracle,oracle,oracle,intermediate,35,medium,True,True,True,0.694,
decode_function,oracle,oracle,snowflake,intermediate,35,medium,True,True,True,0.97,
nvl_function,oracle,oracle,postgres,intermediate,25,medium,True,True,True,0.588,
nvl_function,oracle,oracle,mysql,intermediate,25,medium,True,True,True,0.459,
nvl_function,oracle,oracle,tsql,intermediate,25,medium,True,True,True,0.404,
nvl_function,oracle,oracle,oracle,intermediate,25,medium,True,True,True,0.589,
nvl_function,oracle,oracle,snowflake,intermediate,25,medium,True,True,True,0.482,
to_char_date,oracle,oracle,postgres,intermediate,40,medium,True,True,False,0.935,
to_char_date,oracle,oracle,mysql,intermediate,40,medium,True,True,False,1.258,
to_char_date,oracle,oracle,tsql,intermediate,40,medium,True,True,False,1.187,
to_char_date,oracle,oracle,oracle,intermediate,40,medium,True,True,True,1.218,
to_char_date,oracle,oracle,snowflake,intermediate,40,medium,True,True,True,0.957,
row_number_pagination,oracle,oracle,postgres,intermediate,50,medium,True,True,True,1.076,
row_number_pagination,oracle,oracle,mysql,intermediate,50,medium,True,True,False,1.203,
row_number_pagination,oracle,oracle,tsql,intermediate,50,medium,True,True,False,1.565,
row_number_pagination,oracle,oracle,oracle,intermediate,50,medium,True,True,True,1.429,
row_number_pagination,oracle,oracle,snowflake,intermediate,50,medium,True,True,True,1.327,
analytical_functions,oracle,oracle,postgres,advanced,75,hard,True,True,True,1.294,
analytical_functions,oracle,oracle,mysql,advanced,75,hard,True,True,False,1.609,
analytical_functions,oracle,oracle,tsql,advanced,75,hard,True,True,False,1.633,
analytical_functions,oracle,oracle,oracle,advanced,75,hard,True,True,True,1.661,
analytical_functions,oracle,oracle,snowflake,advanced,75,hard,True,True,True,1.272,
pivot_unpivot,oracle,oracle,postgres,advanced,70,hard,True,True,False,0.795,
pivot_unpivot,oracle,oracle,mysql,advanced,70,hard,True,True,False,9.465,
pivot_unpivot,oracle,oracle,tsql,advanced,70,hard,True,True,True,1.202,
pivot_unpivot,oracle,oracle,oracle,advanced,70,hard,True,True,True,1.407,
pivot_unpivot,oracle,oracle,snowflake,advanced,70,hard,True,True,True,1.304,
connect_by,oracle,oracle,postgres,dialect_specific,70,hard,True,True,True,0.67,
connect_by,oracle,oracle,mysql,dialect_specific,70,hard,True,True,True,0.885,
connect_by,oracle,oracle,tsql,dialect_specific,70,hard,True,True,True,0.892,
connect_by,oracle,oracle,oracle,dialect_specific,70,hard,True,True,True,0.861,
connect_by,oracle,oracle,snowflake,dialect_specific,70,hard,True,True,True,1.022,
listagg,oracle,oracle,postgres,dialect_specific,50,hard,True,True,True,0.618,
listagg,oracle,oracle,mysql,dialect_specific,50,hard,True,True,False,0.642,
listagg,oracle,oracle,tsql,dialect_specific,50,hard,True,True,False,0.662,
listagg,oracle,oracle,oracle,dialect_specific,50,hard,True,True,True,0.815,
listagg,oracle,oracle,snowflake,dialect_specific,50,hard,True,True,True,0.676,
sys_context,oracle,oracle,postgres,dialect_specific,30,hard,True,True,True,0.3,
sys_context,oracle,oracle,mysql,dialect_specific,30,hard,True,True,True,0.58,
sys_context,oracle,oracle,tsql,dialect_specific,30,hard,True,True,True,0.356,
sys_context,oracle,oracle,oracle,dialect_specific,30,hard,True,True,True,1.081,
sys_context,oracle,oracle,snowflake,dialect_specific,30,hard,True,True,True,0.481,
simple_select,snowflake,snowflake,postgres,basic,10,easy,True,True,True,0.322,
simple_select,snowflake,snowflake,mysql,basic,10,easy,True,True,True,0.312,
simple_select,snowflake,snowflake,tsql,basic,10,easy,True,True,True,0.323,
simple_select,snowflake,snowflake,oracle,basic,10,easy,True,True,True,0.29,
simple_select,snowflake,snowflake,snowflake,basic,10,easy,True,True,True,1.285,
limit_offset,snowflake,snowflake,postgres,basic,20,easy,True,True,True,0.509,
limit_offset,snowflake,snowflake,mysql,basic,20,easy,True,True,False,0.57,
limit_offset,snowflake,snowflake,tsql,basic,20,easy,True,True,False,0.518,
limit_offset,snowflake,snowflake,oracle,basic,20,easy,True,True,False,0.686,
limit_offset,snowflake,snowflake,snowflake,basic,20,easy,True,True,True,1.213,
create_table,snowflake,snowflake,postgres,basic,35,easy,True,True,False,1.057,
create_table,snowflake,snowflake,mysql,basic,35,easy,True,True,True,1.001,
create_table,snowflake,snowflake,tsql,basic,35,easy,True,True,True,1.03,
create_table,snowflake,snowflake,oracle,basic,35,easy,True,True,True,0.884,
create_table,snowflake,snowflake,snowflake,basic,35,easy,True,True,True,1.816,
insert_values,snowflake,snowflake,postgres,basic,20,easy,True,True,True,0.467,
insert_values,snowflake,snowflake,mysql,basic,20,easy,True,True,True,0.457,
insert_values,snowflake,snowflake,tsql,basic,20,easy,True,True,True,0.66,
insert_values,snowflake,snowflake,oracle,basic,20,easy,True,True,True,0.882,
insert_values,snowflake,snowflake,snowflake,basic,20,easy,True,True,True,0.824,
flatten_array,snowflake,snowflake,postgres,intermediate,55,medium,True,True,False,0.771,
flatten_array,snowflake,snowflake,mysql,intermediate,55,medium,True,True,True,0.681,
flatten_array,snowflake,snowflake,tsql,intermediate,55,medium,True,True,False,0.795,
flatten_array,snowflake,snowflake,oracle,intermediate,55,medium,True,True,True,0.682,
flatten_array,snowflake,snowflake,snowflake,intermediate,55,medium,True,True,True,2.153,
try_cast,snowflake,snowflake,postgres,intermediate,40,medium,True,True,False,0.777,
try_cast,snowflake,snowflake,mysql,intermediate,40,medium,True,True,False,0.794,
try_cast,snowflake,snowflake,tsql,intermediate,40,medium,True,True,True,0.774,
try_cast,snowflake,snowflake,oracle,intermediate,40,medium,True,True,True,0.714,
try_cast,snowflake,snowflake,snowflake,intermediate,40,medium,True,True,True,1.802,
qualify_clause,snowflake,snowflake,postgres,intermediate,60,medium,True,True,False,1.633,
qualify_clause,snowflake,snowflake,mysql,intermediate,60,medium,True,True,False,1.074,
qualify_clause,snowflake,snowflake,tsql,intermediate,60,medium,True,True,False,1.276,
qualify_clause,snowflake,snowflake,oracle,intermediate,60,medium,True,True,False,0.967,
qualify_clause,snowflake,snowflake,snowflake,intermediate,60,medium,True,True,True,1.425,
iff_function,snowflake,snowflake,postgres,intermediate,25,medium,True,True,False,0.477,
iff_function,snowflake,snowflake,mysql,intermediate,25,medium,True,True,False,0.687,
iff_function,snowflake,snowflake,tsql,intermediate,25,medium,True,True,True,0.717,
iff_function,snowflake,snowflake,oracle,intermediate,25,medium,True,True,False,0.495,
iff_function,snowflake,snowflake,snowflake,intermediate,25,medium,True,True,True,1.051,
stream_processing,snowflake,snowflake,postgres,advanced,70,hard,True,True,True,0.574,
stream_processing,snowflake,snowflake,mysql,advanced,70,hard,True,True,True,0.5,
stream_processing,snowflake,snowflake,tsql,advanced,70,hard,True,True,True,0.501,
stream_processing,snowflake,snowflake,oracle,advanced,70,hard,True,True,True,0.465,
stream_processing,snowflake,snowflake,snowflake,advanced,70,hard,True,True,True,1.006,
cte_with_window,snowflake,snowflake,postgres,advanced,80,hard,True,True,False,2.851,
cte_with_window,snowflake,snowflake,mysql,advanced,80,hard,True,True,False,2.351,
cte_with_window,snowflake,snowflake,tsql,advanced,80,hard,True,True,False,2.562,
cte_with_window,snowflake,snowflake,oracle,advanced,80,hard,True,True,True,2.052,
cte_with_window,snowflake,snowflake,snowflake,advanced,80,hard,True,True,True,8.288,
variant_json,snowflake,snowflake,postgres,dialect_specific,50,hard,True,True,True,0.521,
variant_json,snowflake,snowflake,mysql,dialect_specific,50,hard,True,True,True,0.498,
variant_json,snowflake,snowflake,tsql,dialect_specific,50,hard,True,True,False,0.622,
variant_json,snowflake,snowflake,oracle,dialect_specific,50,hard,True,True,True,0.459,
variant_json,snowflake,snowflake,snowflake,dialect_specific,50,hard,True,True,True,0.977,
time_travel,snowflake,snowflake,postgres,dialect_specific,40,hard,True,True,True,0.406,
time_travel,snowflake,snowflake,mysql,dialect_specific,40,hard,True,True,True,0.417,
time_travel,snowflake,snowflake,tsql,dialect_specific,40,hard,True,True,True,0.458,
time_travel,snowflake,snowflake,oracle,dialect_specific,40,hard,True,True,True,0.504,
time_travel,snowflake,snowflake,snowflake,dialect_specific,40,hard,True,True,True,1.003,
clone_table,snowflake,snowflake,postgres,dialect_specific,20,hard,True,True,True,0.334,
clone_table,snowflake,snowflake,mysql,dialect_specific,20,hard,True,True,True,0.281,
clone_table,snowflake,snowflake,tsql,dialect_specific,20,hard,True,True,True,0.31,
clone_table,snowflake,snowflake,oracle,dialect_specific,20,hard,True,True,True,0.281,
clone_table,snowflake,snowflake,snowflake,dialect_specific,20,hard,True,True,True,0.461,
array_construct,snowflake,snowflake,postgres,dialect_specific,30,hard,True,True,True,0.371,
array_construct,snowflake,snowflake,mysql,dialect_specific,30,hard,True,True,True,0.431,
array_construct,snowflake,snowflake,tsql,dialect_specific,30,hard,True,True,True,0.358,
array_construct,snowflake,snowflake,oracle,dialect_specific,30,hard,True,True,True,0.321,
array_construct,snowflake,snowflake,snowflake,dialect_specific,30,hard,True,True,True,0.772,
